date,time,open,high,low,close,volume,utc
Tue-12-Apr-22,00:00:00,39500,40713,39216,40055,4165433000,1649721600.0
Wed-13-Apr-22,00:00:00,40055,41553,39580,41137,3985632720,1649808000.0
Thu-14-Apr-22,00:00:00,41137,41463,39521,39930,3257803578,1649894400.0
Fri-15-Apr-22,00:00:00,39930,40849,39746,40528,2279324190,1649980800.0
Sat-16-Apr-22,00:00:00,40528,40695,39972,40358,1570014192,1650067200.0
Sun-17-Apr-22,00:00:00,40358,40562,39520,39662,1866517142,1650153600.0
Mon-18-Apr-22,00:00:00,39662,41255,38466,40774,4340410970,1650240000.0
Tue-19-Apr-22,00:00:00,40774,41770,40533,41466,2648393622,1650326400.0
Wed-20-Apr-22,00:00:00,41466,42169,40867,41334,3067696146,1650412800.0
Thu-21-Apr-22,00:00:00,41334,42950,39588,40454,4854678300,1650499200.0
Fri-22-Apr-22,00:00:00,40454,40767,39007,39676,3780345392,1650585600.0
Sat-23-Apr-22,00:00:00,39676,40048,39261,39422,1410362772,1650672000.0
Sun-24-Apr-22,00:00:00,39422,39914,38831,39440,2072099164,1650758400.0
Mon-25-Apr-22,00:00:00,39440,40673,38072,40400,5558358080,1650844800.0
Tue-26-Apr-22,00:00:00,40400,40803,37668,38104,5656040400,1650931200.0
Wed-27-Apr-22,00:00:00,38104,39479,37855,39206,4260141512,1651017600.0
Thu-28-Apr-22,00:00:00,39206,40350,38864,39734,5053849430,1651104000.0
Fri-29-Apr-22,00:00:00,39734,39909,38162,38572,3783113874,1651190400.0
Sat-30-Apr-22,00:00:00,38572,38770,37558,37612,1978705028,1651276800.0
Sun-01-May-22,00:00:00,37612,38663,37351,38446,2684669336,1651363200.0
Mon-02-May-22,00:00:00,38446,39256,38005,38528,3860747320,1651449600.0
Tue-03-May-22,00:00:00,38528,38630,37500,37734,2669990400,1651536000.0
Wed-04-May-22,00:00:00,37734,40058,37660,39696,4863157920,1651622400.0
Thu-05-May-22,00:00:00,39696,39840,35511,36526,6879832848,1651708800.0
Fri-06-May-22,00:00:00,36526,36666,35200,35990,4784906000,1651795200.0
Sat-07-May-22,00:00:00,35990,36135,34744,35462,2123338020,1651881600.0
Sun-08-May-22,00:00:00,35462,35498,33666,34032,4591477912,1651968000.0
Mon-09-May-22,00:00:00,34032,34258,30018,30064,11864235840,1652054400.0
Tue-10-May-22,00:00:00,30064,32666,29711,31015,7945103472,1652140800.0
Wed-11-May-22,00:00:00,31015,32230,27600,29068,12073550215,1652227200.0
Thu-12-May-22,00:00:00,29068,30233,26536,29003,9011341612,1652313600.0
Fri-13-May-22,00:00:00,29003,31049,28736,29268,3986781383,1652400000.0
Sat-14-May-22,00:00:00,29268,30321,28598,30071,2993823720,1652486400.0
Sun-15-May-22,00:00:00,30071,31518,29409,31316,3117520712,1652572800.0
Mon-16-May-22,00:00:00,31316,31316,29050,29854,4734008404,1652659200.0
Tue-17-May-22,00:00:00,29854,30785,29400,30424,3580360366,1652745600.0
Wed-18-May-22,00:00:00,30424,30692,28633,28694,3916298976,1652832000.0
Thu-19-May-22,00:00:00,28694,30551,28676,30310,3779171964,1652918400.0
Fri-20-May-22,00:00:00,30310,30767,28708,29185,4312597730,1653004800.0
Sat-21-May-22,00:00:00,29185,29654,28920,29420,1716136370,1653091200.0
Sun-22-May-22,00:00:00,29420,30499,29220,30270,2754182720,1653177600.0
Mon-23-May-22,00:00:00,30270,30654,28839,29092,4388938110,1653264000.0
Tue-24-May-22,00:00:00,29092,29847,28659,29642,3390527140,1653350400.0
Wed-25-May-22,00:00:00,29642,30213,29324,29542,3680647140,1653436800.0
Thu-26-May-22,00:00:00,29542,29878,27950,29201,6187217396,1653523200.0
Fri-27-May-22,00:00:00,29201,29381,28256,28619,6891932417,1653609600.0
Sat-28-May-22,00:00:00,28619,29260,28522,29018,1640956222,1653696000.0
Sun-29-May-22,00:00:00,29018,29592,28838,29452,1887736972,1653782400.0
Mon-30-May-22,00:00:00,29452,32333,29289,31732,4751874036,1653868800.0
Tue-31-May-22,00:00:00,31732,32450,31216,31781,3477414684,1653955200.0
Wed-01-Jun-22,00:00:00,31781,31982,29291,29789,5318041854,1654041600.0
Thu-02-Jun-22,00:00:00,29789,30711,29558,30450,3160702267,1654128000.0
Fri-03-Jun-22,00:00:00,30450,30698,29250,29688,3258393600,1654214400.0
Sat-04-Jun-22,00:00:00,29688,30000,29466,29857,1584329808,1654300800.0
Sun-05-Jun-22,00:00:00,29857,30196,29510,29902,1900368193,1654387200.0
Mon-06-Jun-22,00:00:00,29902,31750,29871,31370,4801932278,1654473600.0
Tue-07-Jun-22,00:00:00,31370,31598,29120,31111,7674858720,1654560000.0
Wed-08-Jun-22,00:00:00,31111,31320,29818,30192,4842333817,1654646400.0
Thu-09-Jun-22,00:00:00,30192,30694,29896,30100,3241503696,1654732800.0
Fri-10-Jun-22,00:00:00,30100,30376,28816,29080,5066221300,1654819200.0
Sat-11-Jun-22,00:00:00,29080,29427,28035,28420,4108742280,1654905600.0
Sun-12-Jun-22,00:00:00,28420,28532,26550,26568,5937421140,1654992000.0
Mon-13-Jun-22,00:00:00,26568,26885,21910,22476,14999814576,1655078400.0
Tue-14-Jun-22,00:00:00,22476,23450,20818,22128,9513753660,1655164800.0
Wed-15-Jun-22,00:00:00,22128,22794,20071,22574,11719342848,1655251200.0
Thu-16-Jun-22,00:00:00,22574,22976,20228,20385,5479409594,1655337600.0
Fri-17-Jun-22,00:00:00,20385,21355,20230,20454,4277282625,1655424000.0
Sat-18-Jun-22,00:00:00,20454,20770,17600,18964,8011381812,1655510400.0
Sun-19-Jun-22,00:00:00,18964,20820,17953,20568,7049601504,1655596800.0
Mon-20-Jun-22,00:00:00,20568,21125,19624,20568,6220133424,1655683200.0
Tue-21-Jun-22,00:00:00,20568,21722,20336,20716,5078136360,1655769600.0
Wed-22-Jun-22,00:00:00,20716,20886,19703,19980,5600259860,1655856000.0
Thu-23-Jun-22,00:00:00,19980,21240,19862,21095,4391264340,1655942400.0
Fri-24-Jun-22,00:00:00,21095,21556,20728,21232,4636132530,1656028800.0
Sat-25-Jun-22,00:00:00,21232,21630,20900,21476,3032375472,1656115200.0
Sun-26-Jun-22,00:00:00,21476,21880,20958,21032,3128323016,1656201600.0
Mon-27-Jun-22,00:00:00,21032,21580,20500,20730,3884673496,1656288000.0
Tue-28-Jun-22,00:00:00,20730,21198,20190,20274,4197161640,1656374400.0
Wed-29-Jun-22,00:00:00,20274,20433,19820,20104,4142018748,1656460800.0
Thu-30-Jun-22,00:00:00,20104,20156,18601,19926,6272488208,1656547200.0
Fri-01-Jul-22,00:00:00,19926,21018,18938,19271,6249411306,1656633600.0
Sat-02-Jul-22,00:00:00,19271,19450,18960,19246,2443794052,1656720000.0
Sun-03-Jul-22,00:00:00,19246,19638,18777,19306,2916057690,1656806400.0
Mon-04-Jul-22,00:00:00,19306,20370,19039,20220,4220986616,1656892800.0
Tue-05-Jul-22,00:00:00,20220,20750,19262,20170,6493369920,1656979200.0
Wed-06-Jul-22,00:00:00,20170,20666,19737,20556,4305669730,1657065600.0
Thu-07-Jul-22,00:00:00,20556,21818,20248,21596,4831996140,1657152000.0
Fri-08-Jul-22,00:00:00,21596,22600,21184,21590,6249364096,1657238400.0
Sat-09-Jul-22,00:00:00,21590,21980,21310,21588,2620637380,1657324800.0
Sun-10-Jul-22,00:00:00,21588,21598,20652,20849,3464507004,1657411200.0
Mon-11-Jul-22,00:00:00,20849,20851,19855,19960,3837029111,1657497600.0
Tue-12-Jul-22,00:00:00,19960,20046,19220,19324,4187388440,1657584000.0
Wed-13-Jul-22,00:00:00,19324,20346,18868,20216,5898708972,1657670400.0
Thu-14-Jul-22,00:00:00,20216,20899,19575,20583,5047975632,1657756800.0
Fri-15-Jul-22,00:00:00,20583,21196,20365,20822,4113471384,1657843200.0
Sat-16-Jul-22,00:00:00,20822,21576,20470,21190,3202985794,1657929600.0
Sun-17-Jul-22,00:00:00,21190,21669,20745,20799,2953589340,1658016000.0
Mon-18-Jul-22,00:00:00,20799,22780,20763,22423,6268527414,1658102400.0
Tue-19-Jul-22,00:00:00,22423,23808,21582,23386,7833519896,1658188800.0
Wed-20-Jul-22,00:00:00,23386,24277,22872,23220,7241778918,1658275200.0
Thu-21-Jul-22,00:00:00,23220,23428,22346,23144,5095698660,1658361600.0
Fri-22-Jul-22,00:00:00,23144,23765,22487,22676,4548559752,1658448000.0
Sat-23-Jul-22,00:00:00,22676,22988,21937,22434,3273484684,1658534400.0
Sun-24-Jul-22,00:00:00,22434,22990,22254,22574,3022173876,1658620800.0
Mon-25-Jul-22,00:00:00,22574,22658,21233,21301,4519472818,1658707200.0
Tue-26-Jul-22,00:00:00,21301,21336,20691,21232,3445159837,1658793600.0
Wed-27-Jul-22,00:00:00,21232,23105,21040,22938,4763632752,1658880000.0
Thu-28-Jul-22,00:00:00,22938,24198,22582,23839,5363340222,1658966400.0
Fri-29-Jul-22,00:00:00,23839,24475,23418,23764,4477393302,1659052800.0
Sat-30-Jul-22,00:00:00,23764,24695,23506,23630,3282663904,1659139200.0
Sun-31-Jul-22,00:00:00,23630,24182,23224,23290,2593510650,1659225600.0
Mon-01-Aug-22,00:00:00,23290,23490,22825,23250,3360933320,1659312000.0
Tue-02-Aug-22,00:00:00,23250,23468,22640,22972,3969681750,1659398400.0
Wed-03-Aug-22,00:00:00,22972,23655,22680,22813,3542029708,1659484800.0
Thu-04-Aug-22,00:00:00,22813,23201,22350,22602,3670201066,1659571200.0
Fri-05-Aug-22,00:00:00,22602,23494,22576,23298,3895703322,1659657600.0
Sat-06-Aug-22,00:00:00,23298,23333,22894,22950,1383202260,1659744000.0
Sun-07-Aug-22,00:00:00,22950,23388,22846,23167,1678608900,1659830400.0
Mon-08-Aug-22,00:00:00,23167,24236,23146,23810,3534288019,1659916800.0
Tue-09-Aug-22,00:00:00,23810,23910,22848,23139,3145634340,1660003200.0
Wed-10-Aug-22,00:00:00,23139,24223,22521,23940,4858935471,1660089600.0
Thu-11-Aug-22,00:00:00,23940,24950,23850,23927,5020912260,1660176000.0
Fri-12-Aug-22,00:00:00,23927,24430,23557,24378,3192388194,1660262400.0
Sat-13-Aug-22,00:00:00,24378,24867,24283,24420,2721535542,1660348800.0
Sun-14-Aug-22,00:00:00,24420,25031,24109,24290,3017139840,1660435200.0
Mon-15-Aug-22,00:00:00,24290,25199,23760,24080,5234179230,1660521600.0
Tue-16-Aug-22,00:00:00,24080,24227,23665,23839,3065865600,1660608000.0
Wed-17-Aug-22,00:00:00,23839,24436,23166,23327,4447189289,1660694400.0
Thu-18-Aug-22,00:00:00,23327,23581,23100,23188,2238808825,1660780800.0
Fri-19-Aug-22,00:00:00,23188,23198,20754,20819,7241797904,1660867200.0
Sat-20-Aug-22,00:00:00,20819,21365,20730,21124,3193863609,1660953600.0
Sun-21-Aug-22,00:00:00,21124,21780,21060,21506,2840290792,1661040000.0
Mon-22-Aug-22,00:00:00,21506,21538,20858,21382,3929382766,1661126400.0
Tue-23-Aug-22,00:00:00,21382,21678,20885,21516,3615247178,1661212800.0
Wed-24-Aug-22,00:00:00,21516,21880,21138,21353,3308472288,1661299200.0
Thu-25-Aug-22,00:00:00,21353,21810,21304,21550,2530223735,1661385600.0
Fri-26-Aug-22,00:00:00,21550,21869,20085,20230,6111536900,1661472000.0
Sat-27-Aug-22,00:00:00,20230,20366,19761,20028,2714198410,1661558400.0
Sun-28-Aug-22,00:00:00,20028,20174,19511,19548,2174459988,1661644800.0
Mon-29-Aug-22,00:00:00,19548,20430,19548,20278,3224188476,1661731200.0
Tue-30-Aug-22,00:00:00,20278,20569,19530,19804,4339674502,1661817600.0
Wed-31-Aug-22,00:00:00,19804,20500,19792,20050,3746065228,1661904000.0
Thu-01-Sep-22,00:00:00,20050,20198,19560,20124,3666002150,1661990400.0
Fri-02-Sep-22,00:00:00,20124,20428,19746,19940,3754232820,1662076800.0
Sat-03-Sep-22,00:00:00,19940,20043,19642,19822,1559308000,1662163200.0
Sun-04-Sep-22,00:00:00,19822,20018,19585,19986,2094689850,1662249600.0
Mon-05-Sep-22,00:00:00,19986,20044,19623,19780,2351952480,1662336000.0
Tue-06-Sep-22,00:00:00,19780,20164,18617,18782,5451288880,1662422400.0
Wed-07-Sep-22,00:00:00,18782,19448,18451,19287,3247633184,1662508800.0
Thu-08-Sep-22,00:00:00,19287,19440,19010,19304,3173058666,1662595200.0
Fri-09-Sep-22,00:00:00,19304,21666,19284,21350,6178110072,1662681600.0
Sat-10-Sep-22,00:00:00,21350,21798,21113,21632,2818733750,1662768000.0
Sun-11-Sep-22,00:00:00,21632,21880,21333,21810,2443139712,1662854400.0
Mon-12-Sep-22,00:00:00,21810,22488,21530,22388,4931480910,1662940800.0
Tue-13-Sep-22,00:00:00,22388,22794,19835,20164,8034874096,1663027200.0
Wed-14-Sep-22,00:00:00,20164,20518,19590,20220,3892398068,1663113600.0
Thu-15-Sep-22,00:00:00,20220,20319,19472,19692,3721672980,1663200000.0
Fri-16-Sep-22,00:00:00,19692,19878,19315,19790,2900474064,1663286400.0
Sat-17-Sep-22,00:00:00,19790,20176,19734,20106,1802156560,1663372800.0
Sun-18-Sep-22,00:00:00,20106,20106,19333,19408,2594035908,1663459200.0
Mon-19-Sep-22,00:00:00,19408,19675,18110,19528,5733860704,1663545600.0
Tue-20-Sep-22,00:00:00,19528,19626,18716,18870,4569220024,1663632000.0
Wed-21-Sep-22,00:00:00,18870,20045,18100,18446,8129422440,1663718400.0
Thu-22-Sep-22,00:00:00,18446,19518,18345,19394,4229391110,1663804800.0
Fri-23-Sep-22,00:00:00,19394,19486,18524,19282,4402748304,1663891200.0
Sat-24-Sep-22,00:00:00,19282,19299,18802,18911,2024610000,1663977600.0
Sun-25-Sep-22,00:00:00,18911,19185,18620,18800,2123762033,1664064000.0
Mon-26-Sep-22,00:00:00,18800,19318,18670,19214,4078265200,1664150400.0
Tue-27-Sep-22,00:00:00,19214,20384,18798,19071,7088563378,1664236800.0
Wed-28-Sep-22,00:00:00,19071,19791,18453,19407,6162145236,1664323200.0
Thu-29-Sep-22,00:00:00,19407,19638,18831,19580,6048055701,1664409600.0
Fri-30-Sep-22,00:00:00,19580,20165,19136,19410,5934678420,1664496000.0
Sat-01-Oct-22,00:00:00,19410,19474,19150,19302,1570288410,1664582400.0
Sun-02-Oct-22,00:00:00,19302,19386,18890,19054,2225810130,1664668800.0
Mon-03-Oct-22,00:00:00,19054,19720,18947,19618,3469771508,1664755200.0
Tue-04-Oct-22,00:00:00,19618,20451,19482,20326,4594496364,1664841600.0
Wed-05-Oct-22,00:00:00,20326,20354,19734,20149,4373342160,1664928000.0
Thu-06-Oct-22,00:00:00,20149,20435,19836,19954,4479807766,1665014400.0
Fri-07-Oct-22,00:00:00,19954,20078,19318,19518,4173139652,1665100800.0
Sat-08-Oct-22,00:00:00,19518,19614,19175,19405,1465567584,1665187200.0
Sun-09-Oct-22,00:00:00,19405,19552,19300,19436,1486034900,1665273600.0
Mon-10-Oct-22,00:00:00,19436,19522,18974,19122,3100255796,1665360000.0
Tue-11-Oct-22,00:00:00,19122,19258,18850,19052,3146505978,1665446400.0
Wed-12-Oct-22,00:00:00,19052,19228,18950,19148,2058111352,1665532800.0
Thu-13-Oct-22,00:00:00,19148,19522,18071,19366,6722230916,1665619200.0
Fri-14-Oct-22,00:00:00,19366,19944,19061,19172,4226280912,1665705600.0
Sat-15-Oct-22,00:00:00,19172,19216,18962,19063,1215178876,1665792000.0
Sun-16-Oct-22,00:00:00,19063,19411,19062,19252,1406201258,1665878400.0
Mon-17-Oct-22,00:00:00,19252,19668,19144,19540,2809636880,1665964800.0
Tue-18-Oct-22,00:00:00,19540,19694,19080,19320,3554580020,1666051200.0
Wed-19-Oct-22,00:00:00,19320,19345,19061,19122,2356885440,1666137600.0
Thu-20-Oct-22,00:00:00,19122,19345,18865,19042,3046038990,1666224000.0
Fri-21-Oct-22,00:00:00,19042,19247,18622,19153,3130295338,1666310400.0
Sat-22-Oct-22,00:00:00,19153,19240,19102,19190,796285975,1666396800.0
Sun-23-Oct-22,00:00:00,19190,19684,19050,19559,1833374220,1666483200.0
Mon-24-Oct-22,00:00:00,19559,19590,19155,19317,2492246898,1666569600.0
Tue-25-Oct-22,00:00:00,19317,20400,19224,20067,4358398125,1666656000.0
Wed-26-Oct-22,00:00:00,20067,21009,20041,20756,4644105810,1666742400.0
Thu-27-Oct-22,00:00:00,20756,20862,20182,20283,3624931620,1666828800.0
Fri-28-Oct-22,00:00:00,20283,20738,19963,20585,3392311467,1666915200.0
Sat-29-Oct-22,00:00:00,20585,21100,20551,20795,2631483475,1667001600.0
Sun-30-Oct-22,00:00:00,20795,20920,20500,20614,1534525435,1667088000.0
Mon-31-Oct-22,00:00:00,20614,20832,20222,20480,2757184342,1667174400.0
Tue-01-Nov-22,00:00:00,20480,20689,20318,20472,1739776000,1667260800.0
Wed-02-Nov-22,00:00:00,20472,20789,20052,20144,3718370304,1667347200.0
Thu-03-Nov-22,00:00:00,20144,20382,20014,20200,1941660016,1667433600.0
Fri-04-Nov-22,00:00:00,20200,21294,20175,21132,4453393000,1667520000.0
Sat-05-Nov-22,00:00:00,21132,21470,21068,21290,1750596012,1667606400.0
Sun-06-Nov-22,00:00:00,21290,21345,20874,20904,1624746350,1667692800.0
Mon-07-Nov-22,00:00:00,20904,21062,20365,20582,3141745776,1667779200.0
Tue-08-Nov-22,00:00:00,20582,20672,16800,18537,14397355984,1667865600.0
Wed-09-Nov-22,00:00:00,18537,18578,15460,15892,10357011177,1667952000.0
Thu-10-Nov-22,00:00:00,15892,18191,15698,17594,6349235408,1668038400.0
Fri-11-Nov-22,00:00:00,17594,17674,16310,17052,4796986506,1668124800.0
Sat-12-Nov-22,00:00:00,17052,17104,16624,16804,1424711652,1668211200.0
Sun-13-Nov-22,00:00:00,16804,16944,16222,16330,1604950040,1668297600.0
Mon-14-Nov-22,00:00:00,16330,17213,15802,16608,4511587080,1668384000.0
Tue-15-Nov-22,00:00:00,16608,17160,16516,16878,3008638848,1668470400.0
Wed-16-Nov-22,00:00:00,16878,17011,16367,16643,2379511074,1668556800.0
Thu-17-Nov-22,00:00:00,16643,16740,16400,16688,1712098696,1668643200.0
Fri-18-Nov-22,00:00:00,16688,16997,16542,16700,1736336336,1668729600.0
Sat-19-Nov-22,00:00:00,16700,16799,16551,16688,724195500,1668816000.0
Sun-20-Nov-22,00:00:00,16688,16740,16180,16274,1567670720,1668902400.0
Mon-21-Nov-22,00:00:00,16274,16789,15440,15766,3707526406,1668988800.0
Tue-22-Nov-22,00:00:00,15766,16300,15620,16218,2546492788,1669075200.0
Wed-23-Nov-22,00:00:00,16218,16710,16154,16589,2528580816,1669161600.0
Thu-24-Nov-22,00:00:00,16589,16810,16450,16594,1588098148,1669248000.0
Fri-25-Nov-22,00:00:00,16594,16646,16339,16510,1320633490,1669334400.0
Sat-26-Nov-22,00:00:00,16510,16685,16376,16449,1047410910,1669420800.0
Sun-27-Nov-22,00:00:00,16449,16588,16401,16426,745550925,1669507200.0
Mon-28-Nov-22,00:00:00,16426,16477,15985,16206,2555754192,1669593600.0
Tue-29-Nov-22,00:00:00,16206,16547,16096,16427,1916910504,1669680000.0
Wed-30-Nov-22,00:00:00,16427,17270,16418,17146,2944014086,1669766400.0
Thu-01-Dec-22,00:00:00,17146,17390,16850,16972,1980225832,1669852800.0
Fri-02-Dec-22,00:00:00,16972,17100,16769,17084,1687729624,1669939200.0
Sat-03-Dec-22,00:00:00,17084,17150,16855,16881,949477468,1670025600.0
Sun-04-Dec-22,00:00:00,16881,17195,16880,17096,1292443122,1670112000.0
Mon-05-Dec-22,00:00:00,17096,17426,16867,16966,2386721272,1670198400.0
Tue-06-Dec-22,00:00:00,16966,17116,16904,17082,1358399756,1670284800.0
Wed-07-Dec-22,00:00:00,17082,17135,16666,16823,1470247740,1670371200.0
Thu-08-Dec-22,00:00:00,16823,17286,16702,17210,1884562929,1670457600.0
Fri-09-Dec-22,00:00:00,17210,17348,17045,17116,1327321250,1670544000.0
Sat-10-Dec-22,00:00:00,17116,17220,17086,17121,549269556,1670630400.0
Sun-11-Dec-22,00:00:00,17121,17262,17060,17078,650598000,1670716800.0
Mon-12-Dec-22,00:00:00,17078,17234,16870,17194,1685479054,1670803200.0
Tue-13-Dec-22,00:00:00,17194,18000,17060,17764,3266017494,1670889600.0
Wed-14-Dec-22,00:00:00,17764,18379,17514,17790,3804924452,1670976000.0
Thu-15-Dec-22,00:00:00,17790,17830,17262,17354,2245613910,1671062400.0
Fri-16-Dec-22,00:00:00,17354,17530,16532,16634,3443033600,1671148800.0
Sat-17-Dec-22,00:00:00,16634,16792,16574,16770,1025968486,1671235200.0
Sun-18-Dec-22,00:00:00,16770,16900,16656,16730,881515050,1671321600.0
Mon-19-Dec-22,00:00:00,16730,16805,16203,16432,1787282630,1671408000.0
Tue-20-Dec-22,00:00:00,16432,17054,16388,16890,2346752512,1671494400.0
Wed-21-Dec-22,00:00:00,16890,16918,16710,16822,1122864090,1671580800.0
Thu-22-Dec-22,00:00:00,16822,16890,16560,16832,1509724034,1671667200.0
Fri-23-Dec-22,00:00:00,16832,16990,16705,16785,1207746496,1671753600.0
Sat-24-Dec-22,00:00:00,16785,16859,16785,16828,314953740,1671840000.0
Sun-25-Dec-22,00:00:00,16828,16854,16714,16825,620734436,1671926400.0
Mon-26-Dec-22,00:00:00,16825,16938,16783,16911,650942425,1672012800.0
Tue-27-Dec-22,00:00:00,16911,16961,16587,16709,1268494110,1672099200.0
Wed-28-Dec-22,00:00:00,16709,16778,16470,16546,1676464097,1672185600.0
Thu-29-Dec-22,00:00:00,16546,16665,16490,16642,1000536620,1672272000.0
Fri-30-Dec-22,00:00:00,16642,16725,16353,16620,1464745630,1672358400.0
Sat-31-Dec-22,00:00:00,16620,16650,16480,16550,652900080,1672444800.0
Sun-01-Jan-23,00:00:00,16550,16631,16511,16622,412806650,1672531200.0
Mon-02-Jan-23,00:00:00,16622,16799,16552,16668,1077853590,1672617600.0
Tue-03-Jan-23,00:00:00,16668,16774,16605,16670,1088670420,1672704000.0
Wed-04-Jan-23,00:00:00,16670,16988,16652,16848,1784640190,1672790400.0
Thu-05-Jan-23,00:00:00,16848,16874,16747,16826,831870000,1672876800.0
Fri-06-Jan-23,00:00:00,16826,17032,16675,16940,1600808814,1672963200.0
Sat-07-Jan-23,00:00:00,16940,16974,16904,16938,320013540,1673049600.0
Sun-08-Jan-23,00:00:00,16938,17190,16907,17120,828115758,1673136000.0
Mon-09-Jan-23,00:00:00,17120,17385,17094,17174,1850654880,1673222400.0
Tue-10-Jan-23,00:00:00,17174,17480,17138,17430,1470953100,1673308800.0
Wed-11-Jan-23,00:00:00,17430,18031,17310,17929,1944821970,1673395200.0
Thu-12-Jan-23,00:00:00,17929,19134,17896,18820,5310300865,1673481600.0
Fri-13-Jan-23,00:00:00,18820,20014,18692,19909,4432580500,1673568000.0
Sat-14-Jan-23,00:00:00,19909,21550,19870,20952,6507595103,1673654400.0
Sun-15-Jan-23,00:00:00,20952,21066,20555,20878,2483671032,1673740800.0
Mon-16-Jan-23,00:00:00,20878,21488,20600,21179,4322601998,1673827200.0
Tue-17-Jan-23,00:00:00,21179,21626,20824,21118,3409861358,1673913600.0
Wed-18-Jan-23,00:00:00,21118,21673,20385,20674,5787936968,1674000000.0
Thu-19-Jan-23,00:00:00,20674,21174,20645,21058,2485180192,1674086400.0
Fri-20-Jan-23,00:00:00,21058,22780,20853,22656,4723393632,1674172800.0
Sat-21-Jan-23,00:00:00,22656,23381,22413,22782,5168694528,1674259200.0
Sun-22-Jan-23,00:00:00,22782,23083,22277,22704,3161230320,1674345600.0
Mon-23-Jan-23,00:00:00,22704,23187,22460,22908,3791749632,1674432000.0
Tue-24-Jan-23,00:00:00,22908,23166,22451,22631,3414643572,1674518400.0
Wed-25-Jan-23,00:00:00,22631,23875,22319,23056,4926859224,1674604800.0
Thu-26-Jan-23,00:00:00,23056,23290,22850,23006,2731144592,1674691200.0
Fri-27-Jan-23,00:00:00,23006,23516,22523,23066,3589189066,1674777600.0
Sat-28-Jan-23,00:00:00,23066,23193,22874,23022,1025698888,1674864000.0
Sun-29-Jan-23,00:00:00,23022,23966,22962,23738,3538343268,1674950400.0
Mon-30-Jan-23,00:00:00,23738,23800,22480,22830,4209435802,1675036800.0
Tue-31-Jan-23,00:00:00,22830,23375,22723,23130,2693232270,1675123200.0
Wed-01-Feb-23,00:00:00,23130,23866,22755,23730,3872956590,1675209600.0
Thu-02-Feb-23,00:00:00,23730,24280,23360,23496,4357041570,1675296000.0
Fri-03-Feb-23,00:00:00,23496,23723,23203,23434,2787306984,1675382400.0
Sat-04-Feb-23,00:00:00,23434,23588,23260,23324,1116747270,1675468800.0
Sun-05-Feb-23,00:00:00,23324,23434,22760,22934,2260795320,1675555200.0
Mon-06-Feb-23,00:00:00,22934,23165,22612,22764,2353762288,1675641600.0
Tue-07-Feb-23,00:00:00,22764,23363,22750,23244,2814495432,1675728000.0
Wed-08-Feb-23,00:00:00,23244,23462,22669,22959,2400477612,1675814400.0
Thu-09-Feb-23,00:00:00,22959,23011,21698,21802,4708087335,1675900800.0
Fri-10-Feb-23,00:00:00,21802,21940,21431,21624,2753069352,1675987200.0
Sat-11-Feb-23,00:00:00,21624,21890,21602,21847,1126588776,1676073600.0
Sun-12-Feb-23,00:00:00,21847,22079,21625,21777,1706469170,1676160000.0
Mon-13-Feb-23,00:00:00,21777,21887,21328,21768,2820709479,1676246400.0
Tue-14-Feb-23,00:00:00,21768,22311,21514,22184,3889245024,1676332800.0
Wed-15-Feb-23,00:00:00,22184,24429,22032,24330,5565078240,1676419200.0
Thu-16-Feb-23,00:00:00,24330,25296,23505,23516,6977138430,1676505600.0
Fri-17-Feb-23,00:00:00,23516,25044,23340,24578,6706245848,1676592000.0
Sat-18-Feb-23,00:00:00,24578,24887,24427,24638,1979684166,1676678400.0
Sun-19-Feb-23,00:00:00,24638,25198,24169,24267,3885905360,1676764800.0
Mon-20-Feb-23,00:00:00,24267,25150,23817,24854,4417127874,1676851200.0
Tue-21-Feb-23,00:00:00,24854,25295,24152,24456,5158248868,1676937600.0
Wed-22-Feb-23,00:00:00,24456,24476,23570,24180,5021672760,1677024000.0
Thu-23-Feb-23,00:00:00,24180,24603,23590,23936,4962147060,1677110400.0
Fri-24-Feb-23,00:00:00,23936,24130,22800,23185,4718216448,1677196800.0
Sat-25-Feb-23,00:00:00,23185,23213,22712,23155,1880396240,1677283200.0
Sun-26-Feb-23,00:00:00,23155,23686,23060,23548,2412612070,1677369600.0
Mon-27-Feb-23,00:00:00,23548,23889,23084,23484,3731957684,1677456000.0
Tue-28-Feb-23,00:00:00,23484,23593,23010,23130,2838393660,1677542400.0
Wed-01-Mar-23,00:00:00,23130,24028,23015,23630,4032229770,1677628800.0
Thu-02-Mar-23,00:00:00,23630,23788,23186,23462,2556009840,1677715200.0
Fri-03-Mar-23,00:00:00,23462,23470,21905,22346,4481007380,1677801600.0
Sat-04-Mar-23,00:00:00,22346,22395,22152,22337,1015826814,1677888000.0
Sun-05-Mar-23,00:00:00,22337,22673,22173,22419,1626960069,1677974400.0
Mon-06-Mar-23,00:00:00,22419,22595,22234,22398,1692410310,1678060800.0
Tue-07-Mar-23,00:00:00,22398,22541,21919,22189,3437577846,1678147200.0
Wed-08-Mar-23,00:00:00,22189,22280,21559,21702,3550173433,1678233600.0
Thu-09-Mar-23,00:00:00,21702,21838,20016,20356,6357774516,1678320000.0
Fri-10-Mar-23,00:00:00,20356,20358,19535,20141,7319651192,1678406400.0
Sat-11-Mar-23,00:00:00,20141,20671,19760,20450,3820848405,1678492800.0
Sun-12-Mar-23,00:00:00,20450,22139,20261,21979,5004115000,1678579200.0
Mon-13-Mar-23,00:00:00,21979,24560,21804,24112,9107240419,1678665600.0
Tue-14-Mar-23,00:00:00,24112,26500,23966,24685,11485148400,1678752000.0
Wed-15-Mar-23,00:00:00,24685,25211,23868,24285,7576690475,1678838400.0
Thu-16-Mar-23,00:00:00,24285,25175,24123,24989,4904890020,1678924800.0
Fri-17-Mar-23,00:00:00,24989,27766,24879,27382,10185016620,1679011200.0
Sat-18-Mar-23,00:00:00,27382,27720,26555,26898,5428974376,1679097600.0
Sun-19-Mar-23,00:00:00,26898,28417,26816,27962,5794098180,1679184000.0
Mon-20-Mar-23,00:00:00,27962,28480,27123,27704,7026459132,1679270400.0
Tue-21-Mar-23,00:00:00,27704,28471,27292,28090,5256113696,1679356800.0
Wed-22-Mar-23,00:00:00,28090,28897,26583,27234,8985569650,1679443200.0
Thu-23-Mar-23,00:00:00,27234,28780,27104,28278,6503343030,1679529600.0
Fri-24-Mar-23,00:00:00,28278,28353,26956,27437,5612673996,1679616000.0
Sat-25-Mar-23,00:00:00,27437,27788,27132,27445,2705370511,1679702400.0
Sun-26-Mar-23,00:00:00,27445,28197,27402,27952,2942515675,1679788800.0
Mon-27-Mar-23,00:00:00,27952,28010,26474,27108,5143335712,1679875200.0
Tue-28-Mar-23,00:00:00,27108,27497,26611,27244,4493069676,1679961600.0
Wed-29-Mar-23,00:00:00,27244,28644,27220,28330,5288414572,1680048000.0
Thu-30-Mar-23,00:00:00,28330,29197,27650,28008,6671715000,1680134400.0
Fri-31-Mar-23,00:00:00,28008,28675,27487,28452,4992482016,1680220800.0
Sat-01-Apr-23,00:00:00,28452,28839,28182,28435,2159222280,1680307200.0
Sun-02-Apr-23,00:00:00,28435,28525,27823,28156,2720148970,1680393600.0
Mon-03-Apr-23,00:00:00,28156,28550,27175,27789,5733293656,1680480000.0
Tue-04-Apr-23,00:00:00,27789,28438,27648,28150,3486324573,1680566400.0
Wed-05-Apr-23,00:00:00,28150,28797,27777,28155,4638444400,1680652800.0
Thu-06-Apr-23,00:00:00,28155,28174,27670,28022,2932934505,1680739200.0
Fri-07-Apr-23,00:00:00,28022,28094,27755,27884,1806690428,1680825600.0
Sat-08-Apr-23,00:00:00,27884,28164,27846,27930,1282162088,1680912000.0
Sun-09-Apr-23,00:00:00,27930,28524,27764,28310,2282160300,1680998400.0
Mon-10-Apr-23,00:00:00,28310,29864,28137,29628,5107350480,1681084800.0
Tue-11-Apr-23,00:00:00,29628,30560,29580,30179,5492883060,1681171200.0
Wed-12-Apr-23,00:00:00,30179,30480,29630,29871,4964264426,1681257600.0
Thu-13-Apr-23,00:00:00,29871,30600,29845,30366,3679808490,1681344000.0
Fri-14-Apr-23,00:00:00,30366,31062,29936,30438,5628732858,1681430400.0
Sat-15-Apr-23,00:00:00,30438,30583,30180,30294,1475877744,1681516800.0
Sun-16-Apr-23,00:00:00,30294,30565,30114,30296,1903523490,1681603200.0
Mon-17-Apr-23,00:00:00,30296,30308,29219,29422,3992921912,1681689600.0
Tue-18-Apr-23,00:00:00,29422,30500,29060,30382,4967492792,1681776000.0
Wed-19-Apr-23,00:00:00,30382,30416,28555,28797,7079887078,1681862400.0
Thu-20-Apr-23,00:00:00,28797,29083,27981,28236,5878619580,1681948800.0
Fri-21-Apr-23,00:00:00,28236,28368,27058,27253,5743456524,1682035200.0
Sat-22-Apr-23,00:00:00,27253,27880,27130,27799,2579441944,1682121600.0
Sun-23-Apr-23,00:00:00,27799,27800,27302,27573,2652691776,1682208000.0
Mon-24-Apr-23,00:00:00,27573,27989,26933,27493,4901404053,1682294400.0
Tue-25-Apr-23,00:00:00,27493,28388,27181,28277,4381229494,1682380800.0
Wed-26-Apr-23,00:00:00,28277,30062,27200,28402,11571570494,1682467200.0
Thu-27-Apr-23,00:00:00,28402,29884,28369,29458,8268503848,1682553600.0
Fri-28-Apr-23,00:00:00,29458,29594,28870,29296,4165037162,1682640000.0
Sat-29-Apr-23,00:00:00,29296,29428,29010,29212,1630966912,1682726400.0
Sun-30-Apr-23,00:00:00,29212,29955,29075,29217,3759146220,1682812800.0
Mon-01-May-23,00:00:00,29217,29328,27640,28051,6305262336,1682899200.0
Tue-02-May-23,00:00:00,28051,28869,27860,28655,4710660532,1682985600.0
Wed-03-May-23,00:00:00,28655,29263,28069,29014,5860606565,1683072000.0
Thu-04-May-23,00:00:00,29014,29384,28631,28819,3540694476,1683158400.0
Fri-05-May-23,00:00:00,28819,29674,28750,29495,4622971066,1683244800.0
Sat-06-May-23,00:00:00,29495,29833,28325,28833,3732208815,1683331200.0
Sun-07-May-23,00:00:00,28833,29129,28370,28414,2573056920,1683417600.0
Mon-08-May-23,00:00:00,28414,28615,27250,27653,5282816122,1683504000.0
Tue-09-May-23,00:00:00,27653,27811,27333,27618,2582154181,1683590400.0
Wed-10-May-23,00:00:00,27618,28293,26700,27577,6050081934,1683676800.0
Thu-11-May-23,00:00:00,27577,27618,26650,26955,4079465610,1683763200.0
Fri-12-May-23,00:00:00,26955,27079,25764,26779,4781870910,1683849600.0
Sat-13-May-23,00:00:00,26779,27036,26676,26767,1665198557,1683936000.0
Sun-14-May-23,00:00:00,26767,27199,26534,26903,1715737933,1684022400.0
Mon-15-May-23,00:00:00,26903,27648,26700,27148,3438149594,1684108800.0
Tue-16-May-23,00:00:00,27148,27288,26818,27020,2710700652,1684195200.0
Wed-17-May-23,00:00:00,27020,27565,26501,27389,3767182440,1684281600.0
Thu-18-May-23,00:00:00,27389,27475,26341,26804,3926952653,1684368000.0
Fri-19-May-23,00:00:00,26804,27173,26603,26869,2262954504,1684454400.0
Sat-20-May-23,00:00:00,26869,27134,26816,27089,1260800956,1684540800.0
Sun-21-May-23,00:00:00,27089,27282,26654,26734,1953008544,1684627200.0
Mon-22-May-23,00:00:00,26734,27099,26510,26835,2367937316,1684713600.0
Tue-23-May-23,00:00:00,26835,27496,26788,27210,2678777040,1684800000.0
Wed-24-May-23,00:00:00,27210,27210,26050,26311,4147783560,1684886400.0
Thu-25-May-23,00:00:00,26311,26627,25851,26457,2882948892,1684972800.0
Fri-26-May-23,00:00:00,26457,26930,26307,26695,2463755211,1685059200.0
Sat-27-May-23,00:00:00,26695,26898,26530,26838,1102530195,1685145600.0
Sun-28-May-23,00:00:00,26838,28280,26752,28050,3504828096,1685232000.0
Mon-29-May-23,00:00:00,28050,28449,27510,27722,3171220800,1685318400.0
Tue-30-May-23,00:00:00,27722,28037,27529,27681,2690142880,1685404800.0
Wed-31-May-23,00:00:00,27681,27824,26817,27199,3475100421,1685491200.0
Thu-01-Jun-23,00:00:00,27199,27343,26585,26810,3146842703,1685577600.0
Fri-02-Jun-23,00:00:00,26810,27293,26481,27238,2696147650,1685664000.0
Sat-03-Jun-23,00:00:00,27238,27325,26906,27059,1091426660,1685750400.0
Sun-04-Jun-23,00:00:00,27059,27450,26946,27106,1434668180,1685836800.0
Mon-05-Jun-23,00:00:00,27106,27116,25362,25717,5698331744,1685923200.0
Tue-06-Jun-23,00:00:00,25717,27357,25324,27217,5503592302,1686009600.0
Wed-07-Jun-23,00:00:00,27217,27397,26115,26323,4576048644,1686096000.0
Thu-08-Jun-23,00:00:00,26323,26810,26190,26485,2354592350,1686182400.0
Fri-09-Jun-23,00:00:00,26485,26770,26260,26467,1981952005,1686268800.0
Sat-10-Jun-23,00:00:00,26467,26528,25334,25826,4572782991,1686355200.0
Sun-11-Jun-23,00:00:00,25826,26197,25616,25915,1759473728,1686441600.0
Mon-12-Jun-23,00:00:00,25915,26095,25604,25895,2142522625,1686528000.0
Tue-13-Jun-23,00:00:00,25895,26420,25708,25920,3189564835,1686614400.0
Wed-14-Jun-23,00:00:00,25920,26098,24780,25114,3655808640,1686700800.0
Thu-15-Jun-23,00:00:00,25114,25750,24780,25586,3161902828,1686787200.0
Fri-16-Jun-23,00:00:00,25586,26500,25155,26325,4223481020,1686873600.0
Sat-17-Jun-23,00:00:00,26325,26887,26165,26505,2371356000,1686960000.0
Sun-18-Jun-23,00:00:00,26505,26698,26232,26334,1686910725,1687046400.0
Mon-19-Jun-23,00:00:00,26334,27064,26250,26827,3262650930,1687132800.0
Tue-20-Jun-23,00:00:00,26827,28391,26642,28286,6349709457,1687219200.0
Wed-21-Jun-23,00:00:00,28286,30800,28240,29986,9783335392,1687305600.0
Thu-22-Jun-23,00:00:00,29986,30498,29503,29876,4910267472,1687392000.0
Fri-23-Jun-23,00:00:00,29876,31444,29785,30674,7078640184,1687478400.0
Sat-24-Jun-23,00:00:00,30674,30798,30248,30528,2520114492,1687564800.0
Sun-25-Jun-23,00:00:00,30528,31042,30260,30460,2697240384,1687651200.0
Mon-26-Jun-23,00:00:00,30460,30650,29917,30262,3770948000,1687737600.0
Tue-27-Jun-23,00:00:00,30262,30997,30217,30681,3857285306,1687824000.0
Wed-28-Jun-23,00:00:00,30681,30695,29817,30058,4049984043,1687910400.0
Thu-29-Jun-23,00:00:00,30058,30830,30028,30434,3314104906,1687996800.0
Fri-30-Jun-23,00:00:00,30434,31292,29413,30466,8863385122,1688083200.0
Sat-01-Jul-23,00:00:00,30466,30650,30312,30577,1121666722,1688169600.0
Sun-02-Jul-23,00:00:00,30577,30790,30138,30602,2149807716,1688256000.0
Mon-03-Jul-23,00:00:00,30602,31399,30542,31149,3458515632,1688342400.0
Tue-04-Jul-23,00:00:00,31149,31319,30603,30754,2719401147,1688428800.0
Wed-05-Jul-23,00:00:00,30754,30869,30177,30485,2987043758,1688515200.0
Thu-06-Jul-23,00:00:00,30485,31543,29810,29875,6717003930,1688601600.0
Fri-07-Jul-23,00:00:00,29875,30446,29675,30332,2879740875,1688688000.0
Sat-08-Jul-23,00:00:00,30332,30377,30025,30271,1005263144,1688774400.0
Sun-09-Jul-23,00:00:00,30271,30451,30052,30150,1254430240,1688860800.0
Mon-10-Jul-23,00:00:00,30150,31036,29928,30399,3830497200,1688947200.0
Tue-11-Jul-23,00:00:00,30399,30811,30252,30603,2738585112,1689033600.0
Wed-12-Jul-23,00:00:00,30603,30962,30185,30368,3896618784,1689120000.0
Thu-13-Jul-23,00:00:00,30368,31844,30237,31437,6145845472,1689206400.0
Fri-14-Jul-23,00:00:00,31437,31635,29873,30295,4839568965,1689292800.0
Sat-15-Jul-23,00:00:00,30295,30384,30221,30269,683152250,1689379200.0
Sun-16-Jul-23,00:00:00,30269,30445,30038,30221,1329353942,1689465600.0
Mon-17-Jul-23,00:00:00,30221,30319,29610,30120,2976768500,1689552000.0
Tue-18-Jul-23,00:00:00,30120,30225,29362,29851,2990373840,1689638400.0
Wed-19-Jul-23,00:00:00,29851,30190,29735,29889,2420766845,1689724800.0
Thu-20-Jul-23,00:00:00,29889,30407,29488,29793,3664510956,1689811200.0
Fri-21-Jul-23,00:00:00,29793,30050,29711,29888,1535024739,1689897600.0
Sat-22-Jul-23,00:00:00,29888,29992,29609,29774,921925248,1689984000.0
Sun-23-Jul-23,00:00:00,29774,30330,29717,30071,1682677610,1690070400.0
Mon-24-Jul-23,00:00:00,30071,30084,28851,29159,3694252421,1690156800.0
Tue-25-Jul-23,00:00:00,29159,29367,29027,29217,1454246807,1690243200.0
Wed-26-Jul-23,00:00:00,29217,29665,29076,29337,2739064533,1690329600.0
Thu-27-Jul-23,00:00:00,29337,29553,29069,29210,1802113236,1690416000.0
Fri-28-Jul-23,00:00:00,29210,29546,29111,29300,2013182410,1690502400.0
Sat-29-Jul-23,00:00:00,29300,29397,29242,29340,600005400,1690588800.0
Sun-30-Jul-23,00:00:00,29340,29445,29000,29273,1540085940,1690675200.0
Mon-31-Jul-23,00:00:00,29273,29520,29100,29224,2099840109,1690761600.0
Tue-01-Aug-23,00:00:00,29224,29728,28556,29700,4495966280,1690848000.0
Wed-02-Aug-23,00:00:00,29700,30040,28902,29170,4531804200,1690934400.0
Thu-03-Aug-23,00:00:00,29170,29433,28951,29178,2437911920,1691020800.0
Fri-04-Aug-23,00:00:00,29178,29320,28788,29102,2084943168,1691107200.0
Sat-05-Aug-23,00:00:00,29102,29141,28970,29056,612567998,1691193600.0
Sun-06-Aug-23,00:00:00,29056,29195,28980,29076,715358720,1691280000.0
Mon-07-Aug-23,00:00:00,29076,29290,28677,29200,2591107740,1691366400.0
Tue-08-Aug-23,00:00:00,29200,30266,29126,29755,4705638400,1691452800.0
Wed-09-Aug-23,00:00:00,29755,30129,29365,29566,3738894280,1691539200.0
Thu-10-Aug-23,00:00:00,29566,29732,29309,29441,2229010306,1691625600.0
Fri-11-Aug-23,00:00:00,29441,29573,29215,29414,1763721987,1691712000.0
Sat-12-Aug-23,00:00:00,29414,29469,29371,29418,435444856,1691798400.0
Sun-13-Aug-23,00:00:00,29418,29464,29267,29301,727477722,1691884800.0
Mon-14-Aug-23,00:00:00,29301,29680,29080,29423,2689275081,1691971200.0
Tue-15-Aug-23,00:00:00,29423,29496,29050,29194,1716743781,1692057600.0
Wed-16-Aug-23,00:00:00,29194,29259,28714,28728,2870821184,1692144000.0
Thu-17-Aug-23,00:00:00,28728,28780,24201,26610,10290197232,1692230400.0
Fri-18-Aug-23,00:00:00,26610,26820,25573,26040,4886154810,1692316800.0
Sat-19-Aug-23,00:00:00,26040,26263,25786,26089,1674398040,1692403200.0
Sun-20-Aug-23,00:00:00,26089,26307,25940,26176,1323703682,1692489600.0
Mon-21-Aug-23,00:00:00,26176,26280,25794,26113,2151248384,1692576000.0
Tue-22-Aug-23,00:00:00,26113,26127,25267,26044,3086060453,1692662400.0
Wed-23-Aug-23,00:00:00,26044,26824,25801,26423,3969313952,1692748800.0
Thu-24-Aug-23,00:00:00,26423,26574,25834,26162,2901245400,1692835200.0
Fri-25-Aug-23,00:00:00,26162,26301,25755,26046,2745387956,1692921600.0
Sat-26-Aug-23,00:00:00,26046,26115,25974,26008,627187680,1693008000.0
Sun-27-Aug-23,00:00:00,26008,26170,25957,26085,1388931232,1693094400.0
Mon-28-Aug-23,00:00:00,26085,26244,25842,26102,2074461795,1693180800.0
Tue-29-Aug-23,00:00:00,26102,28141,25911,27703,7218377590,1693267200.0
Wed-30-Aug-23,00:00:00,27703,27756,26970,27283,3383395093,1693353600.0
Thu-31-Aug-23,00:00:00,27283,27628,25627,25924,6290805008,1693440000.0
Fri-01-Sep-23,00:00:00,25924,26145,25305,25794,3854639560,1693526400.0
Sat-02-Sep-23,00:00:00,25794,25975,25742,25858,870444324,1693612800.0
Sun-03-Sep-23,00:00:00,25858,26133,25783,25960,1230401214,1693699200.0
Mon-04-Sep-23,00:00:00,25960,26089,25616,25812,1703625000,1693785600.0
Tue-05-Sep-23,00:00:00,25812,25900,25542,25782,1570479516,1693872000.0
Wed-06-Sep-23,00:00:00,25782,26052,25342,25750,2410436526,1693958400.0
Thu-07-Sep-23,00:00:00,25750,26450,25602,26245,2554400000,1694044800.0
Fri-08-Sep-23,00:00:00,26245,26436,25632,25897,2433121460,1694131200.0
Sat-09-Sep-23,00:00:00,25897,25940,25785,25890,446697353,1694217600.0
Sun-10-Sep-23,00:00:00,25890,26020,25543,25826,1440778500,1694304000.0
Mon-11-Sep-23,00:00:00,25826,25890,24853,25155,4442149478,1694390400.0
Tue-12-Sep-23,00:00:00,25155,26584,25122,25825,5519811960,1694476800.0
Wed-13-Sep-23,00:00:00,25825,26397,25740,26208,3262911275,1694563200.0
Thu-14-Sep-23,00:00:00,26208,26863,26106,26510,3378184992,1694649600.0
Fri-15-Sep-23,00:00:00,26510,26891,26205,26589,2486293370,1694736000.0
Sat-16-Sep-23,00:00:00,26589,26765,26430,26550,1106341701,1694822400.0
Sun-17-Sep-23,00:00:00,26550,26609,26380,26515,884486700,1694908800.0
Mon-18-Sep-23,00:00:00,26515,27400,26350,26749,4900846995,1694995200.0
Tue-19-Sep-23,00:00:00,26749,27485,26651,27193,4075129903,1695081600.0
Wed-20-Sep-23,00:00:00,27193,27383,26710,27111,3531255787,1695168000.0
Thu-21-Sep-23,00:00:00,27111,27150,26363,26554,3603485676,1695254400.0
Fri-22-Sep-23,00:00:00,26554,26733,26455,26566,1467852012,1695340800.0
Sat-23-Sep-23,00:00:00,26566,26620,26496,26566,404228256,1695427200.0
Sun-24-Sep-23,00:00:00,26566,26725,26079,26233,1382654036,1695513600.0
Mon-25-Sep-23,00:00:00,26233,26437,25971,26288,2727051515,1695600000.0
Tue-26-Sep-23,00:00:00,26288,26382,26076,26207,1705144832,1695686400.0
Wed-27-Sep-23,00:00:00,26207,26839,26088,26360,3594185222,1695772800.0
Thu-28-Sep-23,00:00:00,26360,27313,26322,27011,4397717880,1695859200.0
Fri-29-Sep-23,00:00:00,27011,27239,26641,26895,2838153814,1695945600.0
Sat-30-Sep-23,00:00:00,26895,27082,26876,26954,732001215,1696032000.0
Sun-01-Oct-23,00:00:00,26954,28350,26943,27979,2488177648,1696118400.0
Mon-02-Oct-23,00:00:00,27979,28592,27254,27484,6450866219,1696204800.0
Tue-03-Oct-23,00:00:00,27484,27662,27150,27413,2901760720,1696291200.0
Wed-04-Oct-23,00:00:00,27413,27825,27176,27765,3001284892,1696377600.0
Thu-05-Oct-23,00:00:00,27765,28115,27337,27397,3836095695,1696464000.0
Fri-06-Oct-23,00:00:00,27397,28285,27132,27912,4640339478,1696550400.0
Sat-07-Oct-23,00:00:00,27912,28021,27818,27942,1031655432,1696636800.0
Sun-08-Oct-23,00:00:00,27942,28078,27665,27899,1693033722,1696723200.0
Mon-09-Oct-23,00:00:00,27899,27972,27250,27579,3559605511,1696809600.0
Tue-10-Oct-23,00:00:00,27579,27722,27282,27378,2698770624,1696896000.0
Wed-11-Oct-23,00:00:00,27378,27465,26523,26866,4491388278,1696982400.0
Thu-12-Oct-23,00:00:00,26866,26932,26540,26746,2234767612,1697068800.0
Fri-13-Oct-23,00:00:00,26746,27120,26670,26847,2525838748,1697155200.0
Sat-14-Oct-23,00:00:00,26847,26979,26780,26842,662476572,1697241600.0
Sun-15-Oct-23,00:00:00,26842,27283,26800,27139,1563439132,1697328000.0
Mon-16-Oct-23,00:00:00,27139,30626,27098,28481,9970597210,1697414400.0
Tue-17-Oct-23,00:00:00,28481,28600,28026,28381,3349394081,1697500800.0
Wed-18-Oct-23,00:00:00,28381,28994,28125,28309,3274656542,1697587200.0
Thu-19-Oct-23,00:00:00,28309,28922,28074,28697,3515241766,1697673600.0
Fri-20-Oct-23,00:00:00,28697,30260,28556,29653,6116105519,1697760000.0
Sat-21-Oct-23,00:00:00,29653,30382,29450,29892,2976212304,1697846400.0
Sun-22-Oct-23,00:00:00,29892,30321,29606,29979,2336418504,1697932800.0
Mon-23-Oct-23,00:00:00,29979,36744,29875,33093,11916652500,1698019200.0
Tue-24-Oct-23,00:00:00,33093,35300,32843,33936,10526089068,1698105600.0
Wed-25-Oct-23,00:00:00,33936,35185,33685,34505,6185480784,1698192000.0
Thu-26-Oct-23,00:00:00,34505,34845,33751,34166,4167203355,1698278400.0
Fri-27-Oct-23,00:00:00,34166,34276,33350,33911,3642813086,1698364800.0
Sat-28-Oct-23,00:00:00,33911,34593,33881,34097,1845673997,1698451200.0
Sun-29-Oct-23,00:00:00,34097,34795,33936,34536,2210406219,1698537600.0
Mon-30-Oct-23,00:00:00,34536,34913,34026,34502,3470142744,1698624000.0
Tue-31-Oct-23,00:00:00,34502,34761,34041,34667,3246086168,1698710400.0
Wed-01-Nov-23,00:00:00,34667,35750,34058,35442,6795980012,1698796800.0
Thu-02-Nov-23,00:00:00,35442,36084,34296,34958,6665718708,1698883200.0
Fri-03-Nov-23,00:00:00,34958,34960,34132,34720,5580205708,1698969600.0
Sat-04-Nov-23,00:00:00,34720,35279,34588,35075,2345023520,1699056000.0
Sun-05-Nov-23,00:00:00,35075,35449,34416,35036,4029836900,1699142400.0
Mon-06-Nov-23,00:00:00,35036,35311,34750,35073,3138314664,1699228800.0
Tue-07-Nov-23,00:00:00,35073,35928,34527,35424,5159869614,1699315200.0
Wed-08-Nov-23,00:00:00,35424,36188,35075,35642,5032227168,1699401600.0
Thu-09-Nov-23,00:00:00,35642,38149,35554,36726,12218041958,1699488000.0
Fri-10-Nov-23,00:00:00,36726,37604,36360,37335,4728215418,1699574400.0
Sat-11-Nov-23,00:00:00,37335,37429,36614,37163,2375290035,1699660800.0
Sun-12-Nov-23,00:00:00,37163,37260,36749,37090,1621681831,1699747200.0
Mon-13-Nov-23,00:00:00,37090,37473,36328,36485,4114245340,1699833600.0
Tue-14-Nov-23,00:00:00,36485,36786,34543,35560,6765632460,1699920000.0
Wed-15-Nov-23,00:00:00,35560,38017,35385,37894,7090699560,1700006400.0
Thu-16-Nov-23,00:00:00,37894,37968,35500,36178,7139381176,1700092800.0
Fri-17-Nov-23,00:00:00,36178,36939,35870,36638,5038510060,1700179200.0
Sat-18-Nov-23,00:00:00,36638,36898,36203,36597,1732427830,1700265600.0
Sun-19-Nov-23,00:00:00,36597,37535,36379,37387,2507516649,1700352000.0
Mon-20-Nov-23,00:00:00,37387,37847,36620,37469,5708060225,1700438400.0
Tue-21-Nov-23,00:00:00,37469,37693,35720,35741,8195931591,1700524800.0
Wed-22-Nov-23,00:00:00,35741,37888,35613,37424,5450681205,1700611200.0
Thu-23-Nov-23,00:00:00,37424,37677,36867,37298,3072585248,1700697600.0
Fri-24-Nov-23,00:00:00,37298,38436,37257,37725,5939631904,1700784000.0
Sat-25-Nov-23,00:00:00,37725,37900,37583,37791,1196863350,1700870400.0
Sun-26-Nov-23,00:00:00,37791,37827,37124,37455,2926912950,1700956800.0
Mon-27-Nov-23,00:00:00,37455,37569,36714,37256,4068212280,1701043200.0
Tue-28-Nov-23,00:00:00,37256,38430,36880,37820,5388819608,1701129600.0
Wed-29-Nov-23,00:00:00,37820,38600,37566,37859,4623759740,1701216000.0
Thu-30-Nov-23,00:00:00,37859,38145,37429,37727,3025539844,1701302400.0
Fri-01-Dec-23,00:00:00,37727,39032,37613,38685,5418464921,1701388800.0
Sat-02-Dec-23,00:00:00,38685,39894,38640,39455,3508806870,1701475200.0
Sun-03-Dec-23,00:00:00,39455,40440,39280,40000,3678074010,1701561600.0
Mon-04-Dec-23,00:00:00,40000,42479,39997,42007,10823520000,1701648000.0
Tue-05-Dec-23,00:00:00,42007,44555,41380,44103,10010688170,1701734400.0
Wed-06-Dec-23,00:00:00,44103,44332,43379,43785,6522304464,1701820800.0
Thu-07-Dec-23,00:00:00,43785,44088,42833,43308,6618190320,1701907200.0
Fri-08-Dec-23,00:00:00,43308,44777,43005,44210,5183101440,1701993600.0
Sat-09-Dec-23,00:00:00,44210,44416,43327,43740,3530301130,1702080000.0
Sun-10-Dec-23,00:00:00,43740,44115,43571,43824,2376875340,1702166400.0
Mon-11-Dec-23,00:00:00,43824,43855,40168,41272,12832806624,1702252800.0
Tue-12-Dec-23,00:00:00,41272,42168,40684,41526,6429187072,1702339200.0
Wed-13-Dec-23,00:00:00,41526,43600,40511,42897,7170875784,1702425600.0
Thu-14-Dec-23,00:00:00,42897,43475,41190,43050,7340277258,1702512000.0
Fri-15-Dec-23,00:00:00,43050,43112,41672,41980,4658914050,1702598400.0
Sat-16-Dec-23,00:00:00,41980,42783,41620,42296,2506625800,1702684800.0
Sun-17-Dec-23,00:00:00,42296,42479,41256,41395,3777371168,1702771200.0
Mon-18-Dec-23,00:00:00,41395,42811,40566,42684,6777851720,1702857600.0
Tue-19-Dec-23,00:00:00,42684,43548,41836,42298,6055066872,1702944000.0
Wed-20-Dec-23,00:00:00,42298,44355,42206,43710,7182369592,1703030400.0
Thu-21-Dec-23,00:00:00,43710,44290,43324,43902,5073375990,1703116800.0
Fri-22-Dec-23,00:00:00,43902,44474,43414,44010,4541178978,1703203200.0
Sat-23-Dec-23,00:00:00,44010,44029,43263,43736,2130524100,1703289600.0
Sun-24-Dec-23,00:00:00,43736,43987,42534,43022,3042319896,1703376000.0
Mon-25-Dec-23,00:00:00,43022,43874,42743,43612,3165902936,1703462400.0
Tue-26-Dec-23,00:00:00,43612,43634,41655,42552,5119743516,1703548800.0
Wed-27-Dec-23,00:00:00,42552,43710,42139,43454,4194988920,1703635200.0
Thu-28-Dec-23,00:00:00,43454,43850,42302,42607,4410146460,1703721600.0
Fri-29-Dec-23,00:00:00,42607,43170,41278,42095,5787777487,1703808000.0
Sat-30-Dec-23,00:00:00,42095,42654,41554,42177,2900598070,1703894400.0
Sun-31-Dec-23,00:00:00,42177,42946,42012,42325,2507296119,1703980800.0
Mon-01-Jan-24,00:00:00,42325,44285,42211,44236,3348880975,1704067200.0
Tue-02-Jan-24,00:00:00,44236,45946,44209,44989,7985925080,1704153600.0
Wed-03-Jan-24,00:00:00,44989,45568,40210,42872,13866419602,1704240000.0
Thu-04-Jan-24,00:00:00,42872,44876,42637,44156,7060075216,1704326400.0
Fri-05-Jan-24,00:00:00,44156,44436,42181,44157,8582027692,1704412800.0
Sat-06-Jan-24,00:00:00,44157,44229,43401,43972,2398696554,1704499200.0
Sun-07-Jan-24,00:00:00,43972,44510,43577,43936,3239021492,1704585600.0
Mon-08-Jan-24,00:00:00,43936,47318,43137,46973,10044736192,1704672000.0
Tue-09-Jan-24,00:00:00,46973,48083,44750,46128,11179245189,1704758400.0
Wed-10-Jan-24,00:00:00,46128,47732,44301,46660,14875403568,1704844800.0
Thu-11-Jan-24,00:00:00,46660,49054,45525,46348,12666556900,1704931200.0
Fri-12-Jan-24,00:00:00,46348,46550,41323,42798,12318417788,1705017600.0
Sat-13-Jan-24,00:00:00,42798,43268,42449,42855,3548210988,1705104000.0
Sun-14-Jan-24,00:00:00,42855,43110,41709,41731,3472754925,1705190400.0
Mon-15-Jan-24,00:00:00,41731,43395,41711,42508,4660518080,1705276800.0
Tue-16-Jan-24,00:00:00,42508,43580,42004,43128,5420960224,1705363200.0
Wed-17-Jan-24,00:00:00,43128,43197,42196,42782,3973425768,1705449600.0
Thu-18-Jan-24,00:00:00,42782,42931,40669,41330,6579871600,1705536000.0
Fri-19-Jan-24,00:00:00,41330,42199,40269,41663,6784774130,1705622400.0
Sat-20-Jan-24,00:00:00,41663,41875,41413,41692,1635481065,1705708800.0
Sun-21-Jan-24,00:00:00,41692,41868,41493,41586,1321678092,1705795200.0
Mon-22-Jan-24,00:00:00,41586,41695,39360,39559,9690743994,1705881600.0
Tue-23-Jan-24,00:00:00,39559,40180,38532,39900,7515695733,1705968000.0
Wed-24-Jan-24,00:00:00,39900,40565,39488,40078,4911729900,1706054400.0
Thu-25-Jan-24,00:00:00,40078,40324,39537,39954,3795146132,1706140800.0
Fri-26-Jan-24,00:00:00,39954,42238,39810,41806,6462439638,1706227200.0
Sat-27-Jan-24,00:00:00,41806,42193,41365,42096,1910534200,1706313600.0
Sun-28-Jan-24,00:00:00,42096,42840,41587,42016,4035785616,1706400000.0
Mon-29-Jan-24,00:00:00,42016,43437,41768,43286,4808689184,1706486400.0
Tue-30-Jan-24,00:00:00,43286,43891,42648,42919,5368199862,1706572800.0
Wed-31-Jan-24,00:00:00,42919,43736,42255,42553,6469266708,1706659200.0
Thu-01-Feb-24,00:00:00,42553,43307,41844,43065,5628357651,1706745600.0
Fri-02-Feb-24,00:00:00,43065,43477,42520,43178,3820554540,1706832000.0
Sat-03-Feb-24,00:00:00,43178,43378,42859,42992,1329407442,1706918400.0
Sun-04-Feb-24,00:00:00,42992,43115,42154,42560,1984295760,1707004800.0
Mon-05-Feb-24,00:00:00,42560,43568,42230,42693,4630953600,1707091200.0
Tue-06-Feb-24,00:00:00,42693,43370,42554,43084,3259994787,1707177600.0
Wed-07-Feb-24,00:00:00,43084,44379,42774,44318,4523346076,1707264000.0
Thu-08-Feb-24,00:00:00,44318,45628,44300,45260,5931565438,1707350400.0
Fri-09-Feb-24,00:00:00,45260,48230,45210,47122,9755385660,1707436800.0
Sat-10-Feb-24,00:00:00,47122,48198,46840,47728,3337274284,1707523200.0
Sun-11-Feb-24,00:00:00,47728,48604,47556,48328,4129808384,1707609600.0
Mon-12-Feb-24,00:00:00,48328,50439,47713,49961,9319619848,1707696000.0
Tue-13-Feb-24,00:00:00,49961,50430,48300,49710,8440411340,1707782400.0
Wed-14-Feb-24,00:00:00,49710,52098,49220,51822,8569705740,1707868800.0
Thu-15-Feb-24,00:00:00,51822,52880,51322,51904,8675624664,1707955200.0
Fri-16-Feb-24,00:00:00,51904,52625,51586,52152,5738506240,1708041600.0
Sat-17-Feb-24,00:00:00,52152,52200,50652,51693,5222449128,1708128000.0
Sun-18-Feb-24,00:00:00,51693,52457,51176,52175,3911195766,1708214400.0
Mon-19-Feb-24,00:00:00,52175,52559,51701,51815,4220227050,1708300800.0
Tue-20-Feb-24,00:00:00,51815,53120,50725,52287,8952647515,1708387200.0
Wed-21-Feb-24,00:00:00,52287,52404,50430,51875,7898578794,1708473600.0
Thu-22-Feb-24,00:00:00,51875,52120,50940,51305,5706924375,1708560000.0
Fri-23-Feb-24,00:00:00,51305,51572,50538,50774,5048155475,1708646400.0
Sat-24-Feb-24,00:00:00,50774,51743,50600,51589,2252080770,1708732800.0
Sun-25-Feb-24,00:00:00,51589,52000,51300,51748,2580430191,1708819200.0
Mon-26-Feb-24,00:00:00,51748,54992,50922,54515,8945366272,1708905600.0
Tue-27-Feb-24,00:00:00,54515,57699,54489,57078,12078397915,1708992000.0
Wed-28-Feb-24,00:00:00,57078,64497,56735,62484,25799598468,1709078400.0
Thu-29-Feb-24,00:00:00,62484,63797,60461,61184,15450293712,1709164800.0
Fri-01-Mar-24,00:00:00,61184,63182,60827,62418,7833142784,1709251200.0
Sat-02-Mar-24,00:00:00,62418,62499,61591,62056,3703696866,1709337600.0
Sun-03-Mar-24,00:00:00,62056,63333,61318,63179,4993522208,1709424000.0
Mon-04-Mar-24,00:00:00,63179,68687,62235,68360,17227333825,1709510400.0
Tue-05-Mar-24,00:00:00,68360,69387,59111,63750,28760897720,1709596800.0
Wed-06-Mar-24,00:00:00,63750,67764,62824,66118,15062085000,1709683200.0
Thu-07-Mar-24,00:00:00,66118,68160,65555,66859,8158101666,1709769600.0
Fri-08-Mar-24,00:00:00,66859,70320,66135,68165,12251042583,1709856000.0
Sat-09-Mar-24,00:00:00,68165,68606,67897,68374,2134041655,1709942400.0
Sun-10-Mar-24,00:00:00,68374,70029,68122,69000,6694771836,1710028800.0
Mon-11-Mar-24,00:00:00,69000,72920,66923,72152,12528813000,1710115200.0
Tue-12-Mar-24,00:00:00,72152,73391,68671,71512,14569220448,1710201600.0
Wed-13-Mar-24,00:00:00,71512,73750,71382,73133,9137660336,1710288000.0
Thu-14-Mar-24,00:00:00,73133,73949,68614,71473,15311344279,1710374400.0
Fri-15-Mar-24,00:00:00,71473,72525,65559,69524,20755544781,1710460800.0
Sat-16-Mar-24,00:00:00,69524,70081,64696,65331,10285450084,1710547200.0
Sun-17-Mar-24,00:00:00,65331,68970,64540,68432,8314676370,1710633600.0
Mon-18-Mar-24,00:00:00,68432,69040,66534,67644,9516769808,1710720000.0
Tue-19-Mar-24,00:00:00,67644,68175,61555,61972,18327330072,1710806400.0
Wed-20-Mar-24,00:00:00,61972,68133,60761,67850,14876006768,1710892800.0
Thu-21-Mar-24,00:00:00,67850,68288,64528,65536,9617262550,1710979200.0
Fri-22-Mar-24,00:00:00,65536,66667,62098,63816,12573540352,1711065600.0
Sat-23-Mar-24,00:00:00,63816,66065,63001,63996,6498829992,1711152000.0
Sun-24-Mar-24,00:00:00,63996,67699,63781,67248,6379249272,1711238400.0
Mon-25-Mar-24,00:00:00,67248,71278,66374,69903,11193900336,1711324800.0
Tue-26-Mar-24,00:00:00,69903,71650,69333,70046,9497440998,1711411200.0
Wed-27-Mar-24,00:00:00,70046,71898,68400,69549,12996124702,1711497600.0
Thu-28-Mar-24,00:00:00,69549,71616,68955,70859,7059084402,1711584000.0
Fri-29-Mar-24,00:00:00,70859,70990,69000,69899,5994813118,1711670400.0
Sat-30-Mar-24,00:00:00,69899,70400,69582,69639,2125069398,1711756800.0
Sun-31-Mar-24,00:00:00,69639,71514,69609,71378,3371572185,1711843200.0
Mon-01-Apr-24,00:00:00,71378,71395,68044,69707,8979352400,1711929600.0
Tue-02-Apr-24,00:00:00,69707,69744,64490,65484,14872127864,1712016000.0
Wed-03-Apr-24,00:00:00,65484,66950,64406,65972,7629213420,1712102400.0
Thu-04-Apr-24,00:00:00,65972,69316,65036,68480,9188844048,1712188800.0
Fri-05-Apr-24,00:00:00,68480,68776,65943,67814,9770247040,1712275200.0
Sat-06-Apr-24,00:00:00,67814,69700,67458,68895,3274263362,1712361600.0
Sun-07-Apr-24,00:00:00,68895,70366,68803,69355,4661642385,1712448000.0
Mon-08-Apr-24,00:00:00,69355,72854,69050,71674,9036748435,1712534400.0
Tue-09-Apr-24,00:00:00,71674,71814,68200,69187,10983968826,1712620800.0
Wed-10-Apr-24,00:00:00,69187,71269,67506,70656,10264652507,1712707200.0
Thu-11-Apr-24,00:00:00,70656,71342,69580,70038,8318472192,1712793600.0
Fri-12-Apr-24,00:00:00,70038,71281,64669,67120,13569722424,1712880000.0
Sat-13-Apr-24,00:00:00,67120,67938,59766,63905,14845937200,1712966400.0
Sun-14-Apr-24,00:00:00,63905,65824,62089,65619,10972680215,1713052800.0
Mon-15-Apr-24,00:00:00,65619,66835,62222,63414,11724343587,1713139200.0
Tue-16-Apr-24,00:00:00,63414,64358,61512,63772,11310584454,1713225600.0
Wed-17-Apr-24,00:00:00,63772,64480,59605,61245,12131730192,1713312000.0
Thu-18-Apr-24,00:00:00,61245,64166,60757,63445,9420583410,1713398400.0
Fri-19-Apr-24,00:00:00,63445,65432,59522,63775,15129602260,1713484800.0
Sat-20-Apr-24,00:00:00,63775,65407,63038,64900,5279868475,1713571200.0
Sun-21-Apr-24,00:00:00,64900,65694,64200,64911,4419884700,1713657600.0
Mon-22-Apr-24,00:00:00,64911,67199,64463,66770,6758468409,1713744000.0
Tue-23-Apr-24,00:00:00,66770,67146,65750,66398,5227623610,1713830400.0
Wed-24-Apr-24,00:00:00,66398,67084,63563,64259,8251146664,1713916800.0
Thu-25-Apr-24,00:00:00,64259,65272,62745,64465,8044198656,1714003200.0
Fri-26-Apr-24,00:00:00,64465,64798,63273,63746,5931295720,1714089600.0
Sat-27-Apr-24,00:00:00,63746,63900,62370,63413,4645043528,1714176000.0
Sun-28-Apr-24,00:00:00,63413,64337,62674,63093,3455184131,1714262400.0
Mon-29-Apr-24,00:00:00,63093,64193,61730,63828,7141938321,1714348800.0
Tue-30-Apr-24,00:00:00,63828,64705,59132,60656,12843597816,1714435200.0
Wed-01-May-24,00:00:00,60656,60820,56505,58298,15432463456,1714521600.0
Thu-02-May-24,00:00:00,58298,59581,56887,59030,7662980610,1714608000.0
Fri-03-May-24,00:00:00,59030,63344,58780,62844,8884900450,1714694400.0
Sat-04-May-24,00:00:00,62844,64500,62513,63860,5272234536,1714780800.0
Sun-05-May-24,00:00:00,63860,64630,62866,63998,4529334360,1714867200.0
Mon-06-May-24,00:00:00,63998,65540,62669,63149,9046437290,1714953600.0
Tue-07-May-24,00:00:00,63149,64399,62230,62314,6685837226,1715040000.0
Wed-08-May-24,00:00:00,62314,63024,60850,61164,6563969818,1715126400.0
Thu-09-May-24,00:00:00,61164,63406,60544,63036,6609259512,1715212800.0
Fri-10-May-24,00:00:00,63036,63448,60111,60789,8009921484,1715299200.0
Sat-11-May-24,00:00:00,60789,61500,60461,60810,2593623474,1715385600.0
Sun-12-May-24,00:00:00,60810,61854,60567,61450,2552317320,1715472000.0
Mon-13-May-24,00:00:00,61450,63437,60708,62909,6473204450,1715558400.0
Tue-14-May-24,00:00:00,62909,63096,61000,61546,6560276338,1715644800.0
Wed-15-May-24,00:00:00,61546,66430,61310,66185,8845698850,1715731200.0
Thu-16-May-24,00:00:00,66185,66770,64580,65226,6409951065,1715817600.0
Fri-17-May-24,00:00:00,65226,67444,65070,66973,5788937952,1715904000.0
Sat-18-May-24,00:00:00,66973,67346,66469,66876,2888813382,1715990400.0
Sun-19-May-24,00:00:00,66876,67738,65822,66236,4183294428,1716076800.0
Mon-20-May-24,00:00:00,66236,71638,66034,71437,10340896792,1716163200.0
Tue-21-May-24,00:00:00,71437,72062,69155,70168,8428923067,1716249600.0
Wed-22-May-24,00:00:00,70168,70713,68812,69210,5914530888,1716336000.0
Thu-23-May-24,00:00:00,69210,70159,66311,68000,9441697410,1716422400.0
Fri-24-May-24,00:00:00,68000,69280,66628,68580,5298424000,1716508800.0
Sat-25-May-24,00:00:00,68580,69636,68524,69306,2175151860,1716595200.0
Sun-26-May-24,00:00:00,69306,69599,68121,68529,2582618784,1716681600.0
Mon-27-May-24,00:00:00,68529,70738,68277,69450,4618580484,1716768000.0
Tue-28-May-24,00:00:00,69450,69614,67250,68444,7733465850,1716854400.0
Wed-29-May-24,00:00:00,68444,68989,67125,67676,4955961596,1716940800.0
Thu-30-May-24,00:00:00,67676,69560,67137,68372,5908520856,1717027200.0
Fri-31-May-24,00:00:00,68372,69077,66660,67556,5754939612,1717113600.0
Sat-01-Jun-24,00:00:00,67556,67942,67457,67793,1209995516,1717200000.0
Sun-02-Jun-24,00:00:00,67793,68499,67280,67776,2691721065,1717286400.0
Mon-03-Jun-24,00:00:00,67776,70344,67622,68837,6383075904,1717372800.0
Tue-04-Jun-24,00:00:00,68837,71110,68605,70559,5678019945,1717459200.0
Wed-05-Jun-24,00:00:00,70559,71820,70406,71141,5588696154,1717545600.0
Thu-06-Jun-24,00:00:00,71141,71700,70144,70836,4750013429,1717632000.0
Fri-07-Jun-24,00:00:00,70836,72169,68337,69390,9242397936,1717718400.0
Sat-08-Jun-24,00:00:00,69390,69610,69204,69326,1501113870,1717804800.0
Sun-09-Jun-24,00:00:00,69326,69865,69157,69642,1757968708,1717891200.0
Mon-10-Jun-24,00:00:00,69642,70181,69168,69516,3341562444,1717977600.0
Tue-11-Jun-24,00:00:00,69516,69570,65932,67276,9709160688,1718064000.0
Wed-12-Jun-24,00:00:00,67276,70000,66859,68241,10038991996,1718150400.0
Thu-13-Jun-24,00:00:00,68241,68500,66226,66742,7243850391,1718236800.0
Fri-14-Jun-24,00:00:00,66742,67341,65030,66021,6787327690,1718323200.0
Sat-15-Jun-24,00:00:00,66021,66446,65808,66184,1701361170,1718409600.0
Sun-16-Jun-24,00:00:00,66184,66950,66008,66638,1925623480,1718496000.0
Mon-17-Jun-24,00:00:00,66638,67290,65058,66455,7102078126,1718582400.0
Tue-18-Jun-24,00:00:00,66455,66553,64027,65146,9792277160,1718668800.0
Wed-19-Jun-24,00:00:00,65146,65700,64650,64940,4348756084,1718755200.0
Thu-20-Jun-24,00:00:00,64940,66458,64514,64854,6324311780,1718841600.0
Fri-21-Jun-24,00:00:00,64854,65071,63333,64108,7067853774,1718928000.0
Sat-22-Jun-24,00:00:00,64108,64499,63904,64223,1198691384,1719014400.0
Sun-23-Jun-24,00:00:00,64223,64484,63123,63180,1977426170,1719100800.0
Mon-24-Jun-24,00:00:00,63180,63330,58320,60257,13981039020,1719187200.0
Tue-25-Jun-24,00:00:00,60257,62401,60218,61764,7694216330,1719273600.0
Wed-26-Jun-24,00:00:00,61764,62468,60666,60838,5439184896,1719360000.0
Thu-27-Jun-24,00:00:00,60838,62380,60565,61660,4810764850,1719446400.0
Fri-28-Jun-24,00:00:00,61660,62218,60012,60406,5281980580,1719532800.0
Sat-29-Jun-24,00:00:00,60406,61199,60378,60940,1961141196,1719619200.0
Sun-30-Jun-24,00:00:00,60940,63041,60673,62750,4256537120,1719705600.0
Mon-01-Jul-24,00:00:00,62750,63845,62464,62860,5580232000,1719792000.0
Tue-02-Jul-24,00:00:00,62860,63259,61780,62093,4365815580,1719878400.0
Wed-03-Jul-24,00:00:00,62093,62250,59350,60185,8254022490,1719964800.0
Thu-04-Jul-24,00:00:00,60185,60465,56688,57035,11859875545,1720051200.0
Fri-05-Jul-24,00:00:00,57035,57523,53314,56603,13708704460,1720137600.0
Sat-06-Jul-24,00:00:00,56603,58490,56002,58204,4254055068,1720224000.0
Sun-07-Jul-24,00:00:00,58204,58420,55710,55840,5735014732,1720310400.0
Mon-08-Jul-24,00:00:00,55840,58195,54228,56696,11552793440,1720396800.0
Tue-09-Jul-24,00:00:00,56696,58316,56257,58030,6770749712,1720483200.0
Wed-10-Jul-24,00:00:00,58030,59471,57127,57714,6626967970,1720569600.0
Thu-11-Jul-24,00:00:00,57714,59662,57016,57312,7560995712,1720656000.0
Fri-12-Jul-24,00:00:00,57312,58514,56513,57861,6176170368,1720742400.0
Sat-13-Jul-24,00:00:00,57861,59870,57711,59182,3734811828,1720828800.0
Sun-14-Jul-24,00:00:00,59182,61388,59170,60756,5706446804,1720915200.0
Mon-15-Jul-24,00:00:00,60756,64900,60602,64696,9781290708,1721001600.0
Tue-16-Jul-24,00:00:00,64696,65365,62350,65027,11128358960,1721088000.0
Wed-17-Jul-24,00:00:00,65027,66119,63800,64049,7875354943,1721174400.0
Thu-18-Jul-24,00:00:00,64049,65133,63200,63967,6135317759,1721260800.0
Fri-19-Jul-24,00:00:00,63967,67368,63281,66632,9077365069,1721347200.0
Sat-20-Jul-24,00:00:00,66632,67600,66202,67103,3812416512,1721433600.0
Sun-21-Jul-24,00:00:00,67103,68372,65738,68150,6858463424,1721520000.0
Mon-22-Jul-24,00:00:00,68150,68468,66543,67494,6409166750,1721606400.0
Tue-23-Jul-24,00:00:00,67494,67720,65372,65922,8785154028,1721692800.0
Wed-24-Jul-24,00:00:00,65922,67105,64903,65365,6545461302,1721779200.0
Thu-25-Jul-24,00:00:00,65365,66206,63378,65768,9712323890,1721865600.0
Fri-26-Jul-24,00:00:00,65768,68213,65695,67881,7292290072,1721952000.0
Sat-27-Jul-24,00:00:00,67881,69400,66608,67902,11198600094,1722038400.0
Sun-28-Jul-24,00:00:00,67902,68338,67027,68241,3884673420,1722124800.0
Mon-29-Jul-24,00:00:00,68241,70137,66361,66758,11646623229,1722211200.0
Tue-30-Jul-24,00:00:00,66758,66959,65265,66170,7790191294,1722297600.0
Wed-31-Jul-24,00:00:00,66170,66832,64502,64616,7552776140,1722384000.0
Thu-01-Aug-24,00:00:00,64616,65634,62218,65341,11391736184,1722470400.0
Fri-02-Aug-24,00:00:00,65341,65576,61172,61459,12798341670,1722556800.0
Sat-03-Aug-24,00:00:00,61459,62154,59822,60682,8074483420,1722643200.0
Sun-04-Aug-24,00:00:00,60682,61088,57150,58132,9709666138,1722729600.0
Mon-05-Aug-24,00:00:00,58132,58278,48914,53988,32733431616,1722816000.0
Tue-06-Aug-24,00:00:00,53988,57056,53917,55990,11256336036,1722902400.0
Wed-07-Aug-24,00:00:00,55990,57762,54518,55110,9754185870,1722988800.0
Thu-08-Aug-24,00:00:00,55110,62743,54705,61670,12306999870,1723075200.0
Fri-09-Aug-24,00:00:00,61670,61733,59488,60815,8586622450,1723161600.0
Sat-10-Aug-24,00:00:00,60815,61460,60223,60894,3077725520,1723248000.0
Sun-11-Aug-24,00:00:00,60894,61880,58264,58703,6090252516,1723334400.0
Mon-12-Aug-24,00:00:00,58703,60692,57555,59316,11602471841,1723420800.0
Tue-13-Aug-24,00:00:00,59316,61577,58380,60559,8109090360,1723507200.0
Wed-14-Aug-24,00:00:00,60559,61950,58399,58648,8900416789,1723593600.0
Thu-15-Aug-24,00:00:00,58648,59834,56052,57516,10853105640,1723680000.0
Fri-16-Aug-24,00:00:00,57516,59800,57072,58850,7842594180,1723766400.0
Sat-17-Aug-24,00:00:00,58850,59699,58765,59475,2296503550,1723852800.0
Sun-18-Aug-24,00:00:00,59475,60288,58400,58406,4267093350,1723939200.0
Mon-19-Aug-24,00:00:00,58406,59600,57753,59404,6261298418,1724025600.0
Tue-20-Aug-24,00:00:00,59404,61456,58400,58978,9569806188,1724112000.0
Wed-21-Aug-24,00:00:00,58978,61835,58728,61121,8555407658,1724198400.0
Thu-22-Aug-24,00:00:00,61121,61386,59624,60355,6311843428,1724284800.0
Fri-23-Aug-24,00:00:00,60355,65042,60316,64005,10918038435,1724371200.0
Sat-24-Aug-24,00:00:00,64005,64485,63520,64130,3584856045,1724457600.0
Sun-25-Aug-24,00:00:00,64130,64993,63750,64181,3314046010,1724544000.0
Mon-26-Aug-24,00:00:00,64181,64448,62777,62812,6241409707,1724630400.0
Tue-27-Aug-24,00:00:00,62812,63203,57870,59367,11484232020,1724716800.0
Wed-28-Aug-24,00:00:00,59367,60245,57800,59013,10058432076,1724803200.0
Thu-29-Aug-24,00:00:00,59013,61149,58618,59316,7466442786,1724889600.0
Fri-30-Aug-24,00:00:00,59316,59922,57666,59101,7898103348,1724976000.0
Sat-31-Aug-24,00:00:00,59101,59438,58706,58944,1989339660,1725062400.0
Sun-01-Sep-24,00:00:00,58944,59053,56913,57266,6574260096,1725148800.0
Mon-02-Sep-24,00:00:00,57266,59423,57072,59117,5772756396,1725235200.0
Tue-03-Sep-24,00:00:00,59117,59805,57357,57450,6327765446,1725321600.0
Wed-04-Sep-24,00:00:00,57450,58500,55501,57938,9199468500,1725408000.0
Thu-05-Sep-24,00:00:00,57938,58300,55510,56150,8664338210,1725494400.0
Fri-06-Sep-24,00:00:00,56150,56998,52500,53934,14471034150,1725580800.0
Sat-07-Sep-24,00:00:00,53934,54828,53733,54140,3431658618,1725667200.0
Sun-08-Sep-24,00:00:00,54140,55300,53608,54850,4368231760,1725753600.0
Mon-09-Sep-24,00:00:00,54850,58150,54560,57014,8336267550,1725840000.0
Tue-10-Sep-24,00:00:00,57014,58040,56350,57620,6754049482,1725926400.0
Wed-11-Sep-24,00:00:00,57620,57977,55530,57310,10747570500,1726012800.0
Thu-12-Sep-24,00:00:00,57310,58581,57298,58105,7476032190,1726099200.0
Fri-13-Sep-24,00:00:00,58105,60624,57579,60466,7579913460,1726185600.0
Sat-14-Sep-24,00:00:00,60466,60584,59358,59968,3092291706,1726272000.0
Sun-15-Sep-24,00:00:00,59968,60393,58652,59101,3763771584,1726358400.0
Mon-16-Sep-24,00:00:00,59101,59182,57450,58185,7324859738,1726444800.0
Tue-17-Sep-24,00:00:00,58185,61330,57568,60275,9513305685,1726531200.0
Wed-18-Sep-24,00:00:00,60275,61777,59126,61744,10345359900,1726617600.0
Thu-19-Sep-24,00:00:00,61744,63856,61524,62923,9254128976,1726704000.0
Fri-20-Sep-24,00:00:00,62923,64132,62310,63174,7483054852,1726790400.0
Sat-21-Sep-24,00:00:00,63174,63544,62713,63312,2179692522,1726876800.0
Sun-22-Sep-24,00:00:00,63312,64000,62350,63550,4596451200,1726963200.0
Mon-23-Sep-24,00:00:00,63550,64774,62537,63306,7919156150,1727049600.0
Tue-24-Sep-24,00:00:00,63306,64750,62634,64249,7730738802,1727136000.0
Wed-25-Sep-24,00:00:00,64249,64876,62900,63130,5845245522,1727222400.0
Thu-26-Sep-24,00:00:00,63130,65850,62650,65146,9452076120,1727308800.0
Fri-27-Sep-24,00:00:00,65146,66520,64789,65746,7728074542,1727395200.0
Sat-28-Sep-24,00:00:00,65746,66320,65310,65823,2547328770,1727481600.0
Sun-29-Sep-24,00:00:00,65823,66174,65370,65572,2447364963,1727568000.0
Mon-30-Sep-24,00:00:00,65572,65605,62800,63277,10268903060,1727654400.0
Tue-01-Oct-24,00:00:00,63277,64097,60119,60790,15961370142,1727740800.0
Wed-02-Oct-24,00:00:00,60790,62416,59953,60618,10613022150,1727827200.0
Thu-03-Oct-24,00:00:00,60618,61460,59840,60726,9536120670,1727913600.0
Fri-04-Oct-24,00:00:00,60726,62469,60414,62064,7943568060,1728000000.0
Sat-05-Oct-24,00:00:00,62064,62366,61650,62035,2230890480,1728086400.0
Sun-06-Oct-24,00:00:00,62035,62973,61791,62793,3079231295,1728172800.0
Mon-07-Oct-24,00:00:00,62793,64464,62055,62191,9755520480,1728259200.0
Tue-08-Oct-24,00:00:00,62191,63190,61803,62121,7143444833,1728345600.0
Wed-09-Oct-24,00:00:00,62121,62525,60266,60608,7186654248,1728432000.0
Thu-10-Oct-24,00:00:00,60608,61288,58900,60296,8572334912,1728518400.0
Fri-11-Oct-24,00:00:00,60296,63436,60064,62500,8614610112,1728604800.0
Sat-12-Oct-24,00:00:00,62500,63467,62458,63178,3585812500,1728691200.0
Sun-13-Oct-24,00:00:00,63178,63270,62012,62839,4559872150,1728777600.0
Mon-14-Oct-24,00:00:00,62839,67300,62422,66080,11567591637,1728864000.0
Tue-15-Oct-24,00:00:00,66080,67999,64762,67057,15131791360,1728950400.0
Wed-16-Oct-24,00:00:00,67057,68525,66727,67595,9755318246,1729036800.0
Thu-17-Oct-24,00:00:00,67595,67921,66650,67390,7351970175,1729123200.0
Fri-18-Oct-24,00:00:00,67390,69050,67157,68402,8764136890,1729209600.0
Sat-19-Oct-24,00:00:00,68402,68685,67980,68370,2239549882,1729296000.0
Sun-20-Oct-24,00:00:00,68370,69428,68075,69034,3311911170,1729382400.0
Mon-21-Oct-24,00:00:00,69034,69555,66853,67368,8660108198,1729468800.0
Tue-22-Oct-24,00:00:00,67368,67847,66561,67410,7647682728,1729555200.0
Wed-23-Oct-24,00:00:00,67410,67478,65240,66659,9855274590,1729641600.0
Thu-24-Oct-24,00:00:00,66659,68847,66509,68171,8520819993,1729728000.0
Fri-25-Oct-24,00:00:00,68171,68755,65524,66667,12541487041,1729814400.0
Sat-26-Oct-24,00:00:00,66667,67443,66408,67069,2969148179,1729900800.0
Sun-27-Oct-24,00:00:00,67069,68312,66905,68001,3159419383,1729987200.0
Mon-28-Oct-24,00:00:00,68001,70450,67571,69948,10060067940,1730073600.0
Tue-29-Oct-24,00:00:00,69948,73682,69735,72758,14364451332,1730160000.0
Wed-30-Oct-24,00:00:00,72758,73044,71455,72386,8208848592,1730246400.0
Thu-31-Oct-24,00:00:00,72386,72736,69719,70332,9969506622,1730332800.0
Fri-01-Nov-24,00:00:00,70332,71650,68800,69496,12429915024,1730419200.0
Sat-02-Nov-24,00:00:00,69496,69919,68982,69364,3026411808,1730505600.0
Sun-03-Nov-24,00:00:00,69364,69383,67456,68744,8680419052,1730592000.0
Mon-04-Nov-24,00:00:00,68744,69497,66808,67839,9724388752,1730678400.0
Tue-05-Nov-24,00:00:00,67839,70540,67450,69346,9716308614,1730764800.0
Wed-06-Nov-24,00:00:00,69346,76434,69257,75600,24724206764,1730851200.0
Thu-07-Nov-24,00:00:00,75600,76890,74476,75875,10320004800,1730937600.0
Fri-08-Nov-24,00:00:00,75875,77220,75610,76514,7855718125,1731024000.0
Sat-09-Nov-24,00:00:00,76514,76950,75704,76702,3866788018,1731110400.0
Sun-10-Nov-24,00:00:00,76702,81700,76508,80428,15640841734,1731196800.0
Mon-11-Nov-24,00:00:00,80428,89828,80268,88765,24279604640,1731283200.0
Tue-12-Nov-24,00:00:00,88765,90077,85150,87968,27937452275,1731369600.0
Wed-13-Nov-24,00:00:00,87968,93400,86114,90411,24742055616,1731456000.0
Thu-14-Nov-24,00:00:00,90411,91890,86661,87367,17647232679,1731542400.0
Fri-15-Nov-24,00:00:00,87367,91948,87084,91125,13790444115,1731628800.0
Sat-16-Nov-24,00:00:00,91125,91856,90125,90625,5534112375,1731715200.0
Sun-17-Nov-24,00:00:00,90625,91602,88736,89900,7546434375,1731801600.0
Mon-18-Nov-24,00:00:00,89900,92758,89424,90535,15507929800,1731888000.0
Tue-19-Nov-24,00:00:00,90535,93980,90436,92341,14416340725,1731974400.0
Wed-20-Nov-24,00:00:00,92341,94899,91511,94315,12112923016,1732060800.0
Thu-21-Nov-24,00:00:00,94315,99111,94032,98383,19369094290,1732147200.0
Fri-22-Nov-24,00:00:00,98383,99690,97210,98947,13118487603,1732233600.0
Sat-23-Nov-24,00:00:00,98947,98971,97186,97740,5739222841,1732320000.0
Sun-24-Nov-24,00:00:00,97740,98653,95800,98028,8813802240,1732406400.0
Mon-25-Nov-24,00:00:00,98028,98980,92620,93004,17416438704,1732492800.0
Tue-26-Nov-24,00:00:00,93004,95063,90836,92026,16156189860,1732579200.0
Wed-27-Nov-24,00:00:00,92026,97276,91858,95909,10900663752,1732665600.0
Thu-28-Nov-24,00:00:00,95909,96648,94707,95703,7909423412,1732752000.0
Fri-29-Nov-24,00:00:00,95703,98735,95420,97527,8857025541,1732838400.0
Sat-30-Nov-24,00:00:00,97527,97540,96151,96484,4107837240,1732924800.0
Sun-01-Dec-24,00:00:00,96484,97929,95750,97265,5510973112,1733011200.0
Mon-02-Dec-24,00:00:00,97265,98271,94455,95887,13166568520,1733097600.0
Tue-03-Dec-24,00:00:00,95887,96389,93605,95920,10197103015,1733184000.0
Wed-04-Dec-24,00:00:00,95920,99118,94638,98672,12571275200,1733270400.0
Thu-05-Dec-24,00:00:00,98672,104699,90530,96978,27895758464,1733356800.0
Fri-06-Dec-24,00:00:00,96978,101999,96320,99790,13113074226,1733443200.0
Sat-07-Dec-24,00:00:00,99790,100540,98883,99913,4740723530,1733529600.0
Sun-08-Dec-24,00:00:00,99913,101465,98729,101187,5373920618,1733616000.0
Mon-09-Dec-24,00:00:00,101187,101296,93888,97329,17749211670,1733702400.0
Tue-10-Dec-24,00:00:00,97329,98299,94191,96553,14934064431,1733788800.0
Wed-11-Dec-24,00:00:00,96553,101961,95574,101128,11836528823,1733875200.0
Thu-12-Dec-24,00:00:00,101128,102636,99300,99982,11864033576,1733961600.0
Fri-13-Dec-24,00:00:00,99982,101936,99168,101416,8074946248,1734048000.0
Sat-14-Dec-24,00:00:00,101416,102748,100577,101420,5198584160,1734134400.0
Sun-15-Dec-24,00:00:00,101420,105338,101243,104516,7826987080,1734220800.0
Mon-16-Dec-24,00:00:00,104516,107850,103304,106094,14273645604,1734307200.0
Tue-17-Dec-24,00:00:00,106094,108422,105300,106085,10690243628,1734393600.0
Wed-18-Dec-24,00:00:00,106085,106470,99800,100149,19506167205,1734480000.0
Thu-19-Dec-24,00:00:00,100149,102742,95640,97399,20238810963,1734566400.0
Fri-20-Dec-24,00:00:00,97399,98222,92230,97757,18611974910,1734652800.0
Sat-21-Dec-24,00:00:00,97757,99483,96327,97250,6808970564,1734739200.0
Sun-22-Dec-24,00:00:00,97250,97432,94200,95145,7426399000,1734825600.0
Mon-23-Dec-24,00:00:00,95145,96500,92466,94837,11937081990,1734912000.0
Tue-24-Dec-24,00:00:00,94837,99436,93509,98628,10049876890,1734998400.0
Wed-25-Dec-24,00:00:00,98628,99590,97563,99405,6648020340,1735084800.0
Thu-26-Dec-24,00:00:00,99405,99950,95138,95743,10006902540,1735171200.0
Fri-27-Dec-24,00:00:00,95743,97500,93380,94251,9935634082,1735257600.0
Sat-28-Dec-24,00:00:00,94251,95700,94070,95256,3477390645,1735344000.0
Sun-29-Dec-24,00:00:00,95256,95300,92927,93699,4785756696,1735430400.0
Mon-30-Dec-24,00:00:00,93699,95000,91464,92739,12036386142,1735516800.0
Tue-31-Dec-24,00:00:00,92739,96322,91981,93530,9140448579,1735603200.0
Wed-01-Jan-25,00:00:00,93530,95158,92840,94565,4380009900,1735689600.0
Thu-02-Jan-25,00:00:00,94565,97845,94340,96960,9080793255,1735776000.0
Fri-03-Jan-25,00:00:00,96960,98950,96062,98140,5851439040,1735862400.0
Sat-04-Jan-25,00:00:00,98140,98760,97443,98177,3045382340,1735948800.0
Sun-05-Jan-25,00:00:00,98177,98828,97216,98340,3872591765,1736035200.0
Mon-06-Jan-25,00:00:00,98340,102472,97861,102186,10545588240,1736121600.0
Tue-07-Jan-25,00:00:00,102186,102702,96113,96908,14373584946,1736208000.0
Wed-08-Jan-25,00:00:00,96908,97224,92378,95022,15150112180,1736294400.0
Thu-09-Jan-25,10:00:00,95022,95357,91151,92508,12990457620,1736380800.0
Fri-10-Jan-25,10:00:00,92508,95874,92161,94684,12955745400,1736467200.0
Sat-11-Jan-25,10:00:00,94684,94992,93800,94569,3106866092,1736553600.0
Sun-12-Jan-25,10:00:00,94569,95440,93660,94510,3576221304,1736640000.0
Mon-13-Jan-25,00:00:00,94510,95955,89100,94508,18173800450,1736726400.0
Tue-14-Jan-25,00:00:00,94508,97396,94330,96523,10108670188,1736812800.0
Wed-15-Jan-25,00:00:00,96523,100700,96450,100465,10157404859,1736899200.0
Thu-16-Jan-25,00:00:00,100465,100866,97291,99946,9899720635,1736985600.0
Fri-17-Jan-25,10:00:00,99946,105816,99906,104049,11806521034,1737072000.0
Sat-18-Jan-25,10:00:00,104049,104963,102244,104520,7597762029,1737158400.0
Sun-19-Jan-25,10:00:00,104520,105619,103428,104350,2780963640,1737244800.0
