{
  "name": "scala-cli",
  "argv": [
    "/usr/bin/scala-cli",
    "bsp",
    "--json-options",
    "/home/lenny/server/computer-science/11-programming paradigms/assignments/2024assignment1-main/src/main/scala/cosc250/assignmentOne/.scala-build/ide-options-v2.json",
    "--json-launcher-options",
    "/home/lenny/server/computer-science/11-programming paradigms/assignments/2024assignment1-main/src/main/scala/cosc250/assignmentOne/.scala-build/ide-launcher-options.json",
    "--envs-file",
    "/home/lenny/server/computer-science/11-programming paradigms/assignments/2024assignment1-main/src/main/scala/cosc250/assignmentOne/.scala-build/ide-envs.json",
    "/home/lenny/server/computer-science/11-programming paradigms/assignments/2024assignment1-main/src/main/scala/cosc250/assignmentOne/Challenge1.scala"
  ],
  "version": "1.6.2",
  "bspVersion": "2.1.1",
  "languages": [
    "scala",
    "java"
  ]
}