{
  "name": "scala",
  "argv": [
    "/usr/share/scala3/libexec/scala-cli.jar",
    "--cli-default-scala-version",
    "3.6.3",
    "--repository",
    "file:///usr/share/scala3/maven2",
    "--prog-name",
    "scala",
    "--skip-cli-updates",
    "bsp",
    "--json-options",
    "/home/lenny/server/computer-science/11-programming paradigms/assignments/2024assignment1-main/.scala-build/ide-options-v2.json",
    "--json-launcher-options",
    "/home/lenny/server/computer-science/11-programming paradigms/assignments/2024assignment1-main/.scala-build/ide-launcher-options.json",
    "--envs-file",
    "/home/lenny/server/computer-science/11-programming paradigms/assignments/2024assignment1-main/.scala-build/ide-envs.json",
    "/home/lenny/server/computer-science/11-programming paradigms/assignments/2024assignment1-main"
  ],
  "version": "1.5.4",
  "bspVersion": "2.1.1",
  "languages": [
    "scala",
    "java"
  ]
}