{"version":"1.4.0","project":{"name":"assignmentOne_413748990c-8418b20f30","directory":"/home/lenny/server/computer-science/11-programming paradigms/assignments/2024assignment1-main/src/main/scala/cosc250/assignmentOne/.scala-build","workspaceDir":"/home/lenny/server/computer-science/11-programming paradigms/assignments/2024assignment1-main/src/main/scala/cosc250/assignmentOne","sources":["/home/lenny/server/computer-science/11-programming paradigms/assignments/2024assignment1-main/src/main/scala/cosc250/assignmentOne/Challenge1.scala"],"dependencies":[],"classpath":["/home/lenny/.cache/coursier/v1/https/repo1.maven.org/maven2/org/scala-lang/scala3-library_3/3.6.3/scala3-library_3-3.6.3.jar","/home/lenny/.cache/coursier/v1/https/repo1.maven.org/maven2/org/scala-lang/scala-library/2.13.15/scala-library-2.13.15.jar"],"out":"/home/lenny/server/computer-science/11-programming paradigms/assignments/2024assignment1-main/src/main/scala/cosc250/assignmentOne/.scala-build/.bloop/assignmentOne_413748990c-8418b20f30","classesDir":"/home/lenny/server/computer-science/11-programming paradigms/assignments/2024assignment1-main/src/main/scala/cosc250/assignmentOne/.scala-build/assignmentOne_413748990c-8418b20f30/classes/main","scala":{"organization":"org.scala-lang","name":"scala-compiler","version":"3.6.3","options":["-sourceroot","/home/lenny/server/computer-science/11-programming paradigms/assignments/2024assignment1-main/src/main/scala/cosc250/assignmentOne"],"jars":["/home/lenny/.cache/coursier/v1/https/repo1.maven.org/maven2/org/scala-lang/scala3-compiler_3/3.6.3/scala3-compiler_3-3.6.3.jar","/home/lenny/.cache/coursier/v1/https/repo1.maven.org/maven2/org/scala-lang/scala3-interfaces/3.6.3/scala3-interfaces-3.6.3.jar","/home/lenny/.cache/coursier/v1/https/repo1.maven.org/maven2/org/scala-lang/scala3-library_3/3.6.3/scala3-library_3-3.6.3.jar","/home/lenny/.cache/coursier/v1/https/repo1.maven.org/maven2/org/scala-lang/tasty-core_3/3.6.3/tasty-core_3-3.6.3.jar","/home/lenny/.cache/coursier/v1/https/repo1.maven.org/maven2/org/scala-lang/modules/scala-asm/9.7.0-scala-2/scala-asm-9.7.0-scala-2.jar","/home/lenny/.cache/coursier/v1/https/repo1.maven.org/maven2/org/scala-sbt/compiler-interface/1.9.6/compiler-interface-1.9.6.jar","/home/lenny/.cache/coursier/v1/https/repo1.maven.org/maven2/org/jline/jline-reader/3.27.1/jline-reader-3.27.1.jar","/home/lenny/.cache/coursier/v1/https/repo1.maven.org/maven2/org/jline/jline-terminal/3.27.1/jline-terminal-3.27.1.jar","/home/lenny/.cache/coursier/v1/https/repo1.maven.org/maven2/org/jline/jline-terminal-jni/3.27.1/jline-terminal-jni-3.27.1.jar","/home/lenny/.cache/coursier/v1/https/repo1.maven.org/maven2/org/scala-lang/scala-library/2.13.15/scala-library-2.13.15.jar","/home/lenny/.cache/coursier/v1/https/repo1.maven.org/maven2/org/scala-sbt/util-interface/1.9.8/util-interface-1.9.8.jar","/home/lenny/.cache/coursier/v1/https/repo1.maven.org/maven2/org/jline/jline-native/3.27.1/jline-native-3.27.1.jar"],"bridgeJars":["/home/lenny/.cache/coursier/v1/https/repo1.maven.org/maven2/org/scala-lang/scala3-sbt-bridge/3.6.3/scala3-sbt-bridge-3.6.3.jar"]},"java":{"options":[]},"platform":{"name":"jvm","config":{"home":"/home/lenny/.cache/coursier/arc/https/github.com/adoptium/temurin17-binaries/releases/download/jdk-17.0.14%252B7/OpenJDK17U-jdk_x64_linux_hotspot_17.0.14_7.tar.gz/jdk-17.0.14+7","options":[]},"mainClass":[]},"resolution":{"modules":[{"organization":"org.scala-lang","name":"scala3-library_3","version":"3.6.3","artifacts":[{"name":"scala3-library_3","path":"/home/lenny/.cache/coursier/v1/https/repo1.maven.org/maven2/org/scala-lang/scala3-library_3/3.6.3/scala3-library_3-3.6.3.jar"}]},{"organization":"org.scala-lang","name":"scala-library","version":"2.13.15","artifacts":[{"name":"scala-library","path":"/home/lenny/.cache/coursier/v1/https/repo1.maven.org/maven2/org/scala-lang/scala-library/2.13.15/scala-library-2.13.15.jar"}]}]},"tags":["library"]}}