{"version":"1.4.0","project":{"name":"assignmentOne_d5c0a6989e-8418b20f30","directory":"/home/lenny/server/computer-science/11-programming paradigms/assignments/2024assignment1-main/src/main/scala/cosc250/assignmentOne/.scala-build","workspaceDir":"/home/lenny/server/computer-science/11-programming paradigms/assignments/2024assignment1-main/src/main/scala/cosc250/assignmentOne","sources":["/home/lenny/server/computer-science/11-programming paradigms/assignments/2024assignment1-main/src/main/scala/cosc250/assignmentOne/Challenge1.scala"],"dependencies":[],"classpath":["/home/lenny/.cache/coursier/v1/https/repo1.maven.org/maven2/org/scala-lang/scala3-library_3/3.6.3/scala3-library_3-3.6.3.jar","/home/lenny/.cache/coursier/v1/https/repo1.maven.org/maven2/org/scala-lang/scala-library/2.13.15/scala-library-2.13.15.jar","/home/lenny/.cache/coursier/v1/https/repo1.maven.org/maven2/com/sourcegraph/semanticdb-javac/0.10.0/semanticdb-javac-0.10.0.jar"],"out":"/home/lenny/server/computer-science/11-programming paradigms/assignments/2024assignment1-main/src/main/scala/cosc250/assignmentOne/.scala-build/.bloop/assignmentOne_d5c0a6989e-8418b20f30","classesDir":"/home/lenny/server/computer-science/11-programming paradigms/assignments/2024assignment1-main/src/main/scala/cosc250/assignmentOne/.scala-build/assignmentOne_d5c0a6989e-8418b20f30/classes/main","scala":{"organization":"org.scala-lang","name":"scala-compiler","version":"3.6.3","options":["-Xsemanticdb","-sourceroot","/home/lenny/server/computer-science/11-programming paradigms/assignments/2024assignment1-main/src/main/scala/cosc250/assignmentOne"],"jars":["/home/lenny/.cache/coursier/v1/https/repo1.maven.org/maven2/org/scala-lang/scala3-compiler_3/3.6.3/scala3-compiler_3-3.6.3.jar","/home/lenny/.cache/coursier/v1/https/repo1.maven.org/maven2/org/scala-lang/scala3-interfaces/3.6.3/scala3-interfaces-3.6.3.jar","/home/lenny/.cache/coursier/v1/https/repo1.maven.org/maven2/org/scala-lang/scala3-library_3/3.6.3/scala3-library_3-3.6.3.jar","/home/lenny/.cache/coursier/v1/https/repo1.maven.org/maven2/org/scala-lang/tasty-core_3/3.6.3/tasty-core_3-3.6.3.jar","/home/lenny/.cache/coursier/v1/https/repo1.maven.org/maven2/org/scala-lang/modules/scala-asm/9.7.0-scala-2/scala-asm-9.7.0-scala-2.jar","/home/lenny/.cache/coursier/v1/https/repo1.maven.org/maven2/org/scala-sbt/compiler-interface/1.9.6/compiler-interface-1.9.6.jar","/home/lenny/.cache/coursier/v1/https/repo1.maven.org/maven2/org/jline/jline-reader/3.27.1/jline-reader-3.27.1.jar","/home/lenny/.cache/coursier/v1/https/repo1.maven.org/maven2/org/jline/jline-terminal/3.27.1/jline-terminal-3.27.1.jar","/home/lenny/.cache/coursier/v1/https/repo1.maven.org/maven2/org/jline/jline-terminal-jni/3.27.1/jline-terminal-jni-3.27.1.jar","/home/lenny/.cache/coursier/v1/https/repo1.maven.org/maven2/org/scala-lang/scala-library/2.13.15/scala-library-2.13.15.jar","/home/lenny/.cache/coursier/v1/https/repo1.maven.org/maven2/org/scala-sbt/util-interface/1.9.8/util-interface-1.9.8.jar","/home/lenny/.cache/coursier/v1/https/repo1.maven.org/maven2/org/jline/jline-native/3.27.1/jline-native-3.27.1.jar"],"bridgeJars":["/home/lenny/.cache/coursier/v1/https/repo1.maven.org/maven2/org/scala-lang/scala3-sbt-bridge/3.6.3/scala3-sbt-bridge-3.6.3.jar"]},"java":{"options":["-Xplugin:semanticdb -sourceroot:/home/lenny/server/computer-science/11-programming paradigms/assignments/2024assignment1-main/src/main/scala/cosc250/assignmentOne -targetroot:javac-classes-directory","-J--add-exports","-Jjdk.compiler/com.sun.tools.javac.api=ALL-UNNAMED","-J--add-exports","-Jjdk.compiler/com.sun.tools.javac.code=ALL-UNNAMED","-J--add-exports","-Jjdk.compiler/com.sun.tools.javac.model=ALL-UNNAMED","-J--add-exports","-Jjdk.compiler/com.sun.tools.javac.tree=ALL-UNNAMED","-J--add-exports","-Jjdk.compiler/com.sun.tools.javac.util=ALL-UNNAMED"]},"platform":{"name":"jvm","config":{"home":"/usr/lib/jvm/java-23-openjdk","options":[]},"mainClass":[]},"resolution":{"modules":[{"organization":"org.scala-lang","name":"scala3-library_3","version":"3.6.3","artifacts":[{"name":"scala3-library_3","path":"/home/lenny/.cache/coursier/v1/https/repo1.maven.org/maven2/org/scala-lang/scala3-library_3/3.6.3/scala3-library_3-3.6.3.jar"},{"name":"scala3-library_3","classifier":"sources","path":"/home/lenny/.cache/coursier/v1/https/repo1.maven.org/maven2/org/scala-lang/scala3-library_3/3.6.3/scala3-library_3-3.6.3-sources.jar"}]},{"organization":"org.scala-lang","name":"scala-library","version":"2.13.15","artifacts":[{"name":"scala-library","path":"/home/lenny/.cache/coursier/v1/https/repo1.maven.org/maven2/org/scala-lang/scala-library/2.13.15/scala-library-2.13.15.jar"},{"name":"scala-library","classifier":"sources","path":"/home/lenny/.cache/coursier/v1/https/repo1.maven.org/maven2/org/scala-lang/scala-library/2.13.15/scala-library-2.13.15-sources.jar"}]}]},"tags":["library"]}}