-- Data for import to COSC210 practical assignment tables 
--    e.g. your_db_name < MovieDirect_Data.sql

INSERT INTO customers (customer_id,last_name,first_name,address,city,state,postcode)
            VALUES
                (1,'Woodcock','Paige','1 Ranworth Road', 'MYAREE', 'WA','6154'),
                (2,'Kirke','Eirn','34 Friar John Way', 'BALDIVIS', 'WA','6171'),
                (3,'Wood','Owen','63 Kogil Street', 'HARPARARY', 'NSW','2390'),
                (4,'Powlett','Beau','44 Girvan Grove', 'COMET HILL', 'VIC','3556'),
                (5,'Freehill','Harry','27 Taylor Street', 'KAARIMBA', 'VIC','3635'),
                (6,'Luisini','Makayla','78 Arthur Street', 'SNAKES PLAIN', 'NSW','2824'),
                (7,'Joyner','Kate','8 Mt Berryman Road', 'SPRING CREEK', 'QLD','4343'),
                (8,'Leidig','Hugo','87 Bayfield Street', 'PORT ARTHUR', 'TAS','7182'),
                (9,'Sachse','Timothy','32 Reynolds Road', 'GLEN ECHO', 'QLD','4570'),
                (10,'Weingarth','Ashton','96 Stanley Drive', 'GREGORY RIVER', 'QLD','4800');

INSERT INTO movies (movie_id,movie_title,director_last_name,director_first_name,genre,release_date,studio_name)
VALUES
(1,	'The Shawshank Redemption',	'Darabont',	'Frank',	'Drama',	to_date('1994-01-01', 'YYYY-MM-DD'),	'Columbia Pictures'),
(2,	'The Godfather',	'Ford-Coppola',	'Francis',	'Drama',	to_date('1972-01-01', 'YYYY-MM-DD'),	'Paramount Pictures'),
(3,	'The Godfather: Part II',	'Ford-Coppola',	'Francis',	'Drama',	to_date('1974-01-01', 'YYYY-MM-DD'),	'Paramount Pictures'),
(4,	'The Dark Knight',	'Nolan',	'Christopher',	'Action',	to_date('2008-01-01', 'YYYY-MM-DD'),	'Warner Bros. Pictures/Legendary'),
(5,	'12 Angry Men',	'Lumet',	'Sidney',	'Drama',	to_date('1957-01-01', 'YYYY-MM-DD'),	'Criterion Collection'),
(6,	'Schindlers List',	'Spielberg',	'Steven',	'Drama',	to_date('1993-01-01', 'YYYY-MM-DD'),	'Universal Pictures'),
(7,	'The Lord of the Rings: The Return of the King',	'Jackson',	'Peter',	'Adventure',	to_date('2003-01-01', 'YYYY-MM-DD'),	'New Line Cinema'),
(8,	'Pulp Fiction',	'Tarantino',	'Quentin',	'Drama',	to_date('1994-01-01', 'YYYY-MM-DD'),	'Miramax Films'),
(9,	'Fight Club',	'Fincher',	'David',	'Drama',	to_date('1999-01-01', 'YYYY-MM-DD'),	'20th Century Fox'),
(10,	'The Lord of the Rings: The Fellowship of the Ring',	'Jackson',	'Peter',	'Adventure',	to_date('2001-01-01', 'YYYY-MM-DD'),	'New Line Cinema'),
(11,	'Forrest Gump',	'Zemeckis',	'Robert',	'Comedy',	to_date('1994-01-01', 'YYYY-MM-DD'),	'Paramount Pictures'),
(12,	'Star Wars: Episode V - The Empire Strikes Back',	'Kershner',	'Irvin',	'Action',	to_date('1980-01-01', 'YYYY-MM-DD'),	'Twentieth Century Fox'),
(13,	'Inception',	'Nolan',	'Christopher',	'Action',	to_date('2010-01-01', 'YYYY-MM-DD'),	'Warner Bros. Pictures'),
(14,	'The Lord of the Rings: The Two Towers',	'Jackson',	'Peter',	'Adventure',	to_date('2002-01-01', 'YYYY-MM-DD'),	'New Line Cinema'),
(15,	'One Flew Over the Cuckoos Nest',	'Forman',	'Milos',	'Drama',	to_date('1975-01-01', 'YYYY-MM-DD'),	'United Artists'),
(16,	'Goodfellas',	'Scorsese',	'Martin',	'Drama',	to_date('1990-01-01', 'YYYY-MM-DD'),	'Warner Bros.'),
(17,	'The Matrix',	'Wachowski',	'L&L',	'Action',	to_date('1999-01-01', 'YYYY-MM-DD'),	'Warner Bros. Pictures'),
(18,	'Star Wars: Episode IV - A New Hope',	'Lucas',	'George',	'Action',	to_date('1977-01-01', 'YYYY-MM-DD'),	'20th Century Fox'),
(19,	'Se7en',	'Fincher',	'David',	'Drama',	to_date('1995-01-01', 'YYYY-MM-DD'),	'New Line Cinema'),
(20,	'Its a Wonderful Life',	'Capra',	'Frank',	'Drama',	to_date('1946-01-01', 'YYYY-MM-DD'),	'Liberty Films'),
(21,	'The Silence of the Lambs',	'Demme',	'Jonathan',	'Drama',	to_date('1991-01-01', 'YYYY-MM-DD'),	'Orion Pictures Corporation'),
(22,	'The Usual Suspects',	'Singer',	'Bryan',	'Drama',	to_date('1995-01-01', 'YYYY-MM-DD'),	'Gramercy Pictures'),
(23,	'Léon: The Professional',	'Besson',	'Luc',	'Drama',	to_date('1994-01-01', 'YYYY-MM-DD'),	'Columbia Pictures'),
(24,	'Saving Private Ryan',	'Spielberg',	'Steven',	'Drama',	to_date('1998-01-01', 'YYYY-MM-DD'),	'Paramount Pictures'),
(25,	'City Lights',	'Chaplin',	'Charles',	'Comedy',	to_date('1931-01-01', 'YYYY-MM-DD'),	'Twentieth Century Fox Home Entertainment'),
(26,	'Interstellar',	'Nolan',	'Christopher',	'Adventure',	to_date('2014-01-01', 'YYYY-MM-DD'),	'Paramount Pictures'),
(27,	'American History X',	'Kaye',	'Tony',	'Drama',	to_date('1998-01-01', 'YYYY-MM-DD'),	'New Line Cinema'),
(28,	'Modern Times',	'Chaplin',	'Charles',	'Comedy',	to_date('1936-01-01', 'YYYY-MM-DD'),	'United Artists'),
(29,	'Casablanca',	'Curtiz',	'Michael',	'Drama',	to_date('1942-01-01', 'YYYY-MM-DD'),	'Warner Bros. Pictures'),
(30,	'The Green Mile',	'Darabont',	'Frank',	'Drama',	to_date('1999-01-01', 'YYYY-MM-DD'),	'Warner Bros. Pictures'),
(31,	'Psycho',	'Hitchcock',	'Alfred',	'Horror',	to_date('1960-01-01', 'YYYY-MM-DD'),	'Paramount Pictures'),
(32,	'Raiders of the Lost Ark',	'Spielberg',	'Steven',	'Action',	to_date('1981-01-01', 'YYYY-MM-DD'),	'Paramount Pictures'),
(33,	'The Pianist',	'Polanski',	'Roman',	'Drama',	to_date('2002-01-01', 'YYYY-MM-DD'),	'Focus Features'),
(34,	'Rear Window',	'Hitchcock',	'Alfred',	'Horror',	to_date('1954-01-01', 'YYYY-MM-DD'),	'Paramount Pictures'),
(35,	'The Departed',	'Scorsese',	'Martin',	'Drama',	to_date('2006-01-01', 'YYYY-MM-DD'),	'Warner Bros. Pictures'),
(36,	'Whiplash',	'Chazelle',	'Damien',	'Drama',	to_date('2014-01-01', 'YYYY-MM-DD'),	'Sony Pictures Classics'),
(37,	'Terminator 2: Judgment Day',	'Cameron',	'James',	'Action',	to_date('1991-01-01', 'YYYY-MM-DD'),	'TriStar Pictures'),
(38,	'Back to the Future',	'Zemeckis',	'Robert',	'Adventure',	to_date('1985-01-01', 'YYYY-MM-DD'),	'Universal Pictures'),
(39,	'Gladiator',	'Scott',	'Ridley',	'Action',	to_date('2000-01-01', 'YYYY-MM-DD'),	'Dreamworks Distribution LLC'),
(40,	'The Lion King',	'Allers',	'Roger',	'Adventure',	to_date('1994-01-01', 'YYYY-MM-DD'),	'Buena Vista'),
(41,	'The Prestige',	'Nolan',	'Christopher',	'Drama',	to_date('2006-01-01', 'YYYY-MM-DD'),	'Buena Vista Pictures'),
(42,	'Apocalypse Now',	'Ford-Coppola',	'Francis',	'Drama',	to_date('1979-01-01', 'YYYY-MM-DD'),	'United Artists'),
(43,	'Memento',	'Nolan',	'Christopher',	'Drama',	to_date('2000-01-01', 'YYYY-MM-DD'),	'Newmarket Films'),
(44,	'The Great Dictator',	'Chaplin',	'Charles',	'Comedy',	to_date('1940-01-01', 'YYYY-MM-DD'),	'Criterion Collection'),
(45,	'Sunset Boulevard',	'Wilder',	'Billy',	'Drama',	to_date('1950-01-01', 'YYYY-MM-DD'),	'Paramount Pictures'),
(46,	'Alien',	'Scott',	'Ridley',	'Science Fiction',	to_date('1979-01-01', 'YYYY-MM-DD'),	'20th Century Fox'),
(47,	'Dr. Strangelove or: How I Learned to Stop Worrying and Love the Bomb',	'Kubrick',	'Stanley',	'Comedy',	to_date('1964-01-01', 'YYYY-MM-DD'),	'Sony Pictures'),
(48,	'Paths of Glory',	'Kubrick',	'Stanley',	'Drama',	to_date('1957-01-01', 'YYYY-MM-DD'),	'United Artists'),
(49,	'Django Unchained',	'Tarantino',	'Quentin',	'Drama',	to_date('2012-01-01', 'YYYY-MM-DD'),	'The Weinstein Co.'),
(50,	'The Shining',	'Kubrick',	'Stanley',	'Drama',	to_date('1980-01-01', 'YYYY-MM-DD'),	'Warner Bros. Pictures'),
(51,	'Witness for the Prosecution',	'Wilder',	'Billy',	'Drama',	to_date('1957-01-01', 'YYYY-MM-DD'),	'MGM'),
(52,	'The Dark Knight Rises',	'Nolan',	'Christopher',	'Action',	to_date('2012-01-01', 'YYYY-MM-DD'),	'Warner Bros. Pictures'),
(53,	'WALL·E',	'Stanton',	'Andrew',	'Adventure',	to_date('2008-01-01', 'YYYY-MM-DD'),	'Walt Disney Pictures'),
(54,	'American Beauty',	'Mendes',	'Sam',	'Drama',	to_date('1999-01-01', 'YYYY-MM-DD'),	'Dream Works'),
(55,	'Once Upon a Time in America',	'Leone',	'Sergio',	'Drama',	to_date('1984-01-01', 'YYYY-MM-DD'),	'Warner Home Video'),
(56,	'Aliens',	'Cameron',	'James',	'Action',	to_date('1986-01-01', 'YYYY-MM-DD'),	'20th Century Fox Film Corporat'),
(57,	'Citizen Kane',	'Welles',	'Orson',	'Drama',	to_date('1941-01-01', 'YYYY-MM-DD'),	'RKO Radio Pictures'),
(58,	'North by Northwest',	'Hitchcock',	'Alfred',	'Action',	to_date('1959-01-01', 'YYYY-MM-DD'),	'Turner Entertainment'),
(59,	'Vertigo',	'Hitchcock',	'Alfred',	'Drama',	to_date('1958-01-01', 'YYYY-MM-DD'),	'Paramount Pictures'),
(60,	'Star Wars: Episode VI - Return of the Jedi',	'Marquand',	'Richard',	'Action',	to_date('1983-01-01', 'YYYY-MM-DD'),	'Twentieth Century Fox'),
(61,	'Braveheart',	'Gibson',	'Mel',	'Drama',	to_date('1995-01-01', 'YYYY-MM-DD'),	'Paramount Pictures'),
(62,	'Reservoir Dogs',	'Tarantino',	'Quentin',	'Drama',	to_date('1992-01-01', 'YYYY-MM-DD'),	'Miramax Films'),
(63,	'Double Indemnity',	'Wilder',	'Billy',	'Drama',	to_date('1944-01-01', 'YYYY-MM-DD'),	'Paramount Pictures'),
(64,	'Requiem for a Dream',	'Aronofsky',	'Darren',	'Drama',	to_date('2000-01-01', 'YYYY-MM-DD'),	'Artisan Entertainment'),
(65,	'Lawrence of Arabia',	'Lean',	'David',	'Adventure',	to_date('1962-01-01', 'YYYY-MM-DD'),	'Columbia Pictures'),
(66,	'The Kid',	'Chaplin',	'Charles',	'Comedy',	to_date('1921-01-01', 'YYYY-MM-DD'),	'First National Pictures Inc.'),
(67,	'A Clockwork Orange',	'Kubrick',	'Stanley',	'Drama',	to_date('1971-01-01', 'YYYY-MM-DD'),	'Warner Bros.'),
(68,	'Amadeus',	'Forman',	'Milos',	'Drama',	to_date('1984-01-01', 'YYYY-MM-DD'),	'Warner Bros. Pictures'),
(69,	'To Kill a Mockingbird',	'Mulligan',	'Robert',	'Drama',	to_date('1962-01-01', 'YYYY-MM-DD'),	'Universal International Pictur'),
(70,	'Eternal Sunshine of the Spotless Mind',	'Gondry',	'Michel',	'Drama',	to_date('2004-01-01', 'YYYY-MM-DD'),	'Focus Features'),
(71,	'Singin in the Rain',	'Donen',	'Stanley',	'Comedy',	to_date('1952-01-01', 'YYYY-MM-DD'),	'MGM'),
(72,	'Taxi Driver',	'Scorsese',	'Martin',	'Drama',	to_date('1976-01-01', 'YYYY-MM-DD'),	'Columbia Pictures'),
(73,	'The Sting',	'Roy-Hill',	'George',	'Comedy',	to_date('1973-01-01', 'YYYY-MM-DD'),	'Universal Pictures'),
(74,	'Toy Story 3',	'Unkrich',	'Lee',	'Adventure',	to_date('2010-01-01', 'YYYY-MM-DD'),	'Walt Disney Pictures'),
(75,	'2001: A Space Odyssey',	'Kubrick',	'Stanley',	'Adventure',	to_date('1968-01-01', 'YYYY-MM-DD'),	'Warner Bros. Pictures'),
(76,	'Full Metal Jacket',	'Kubrick',	'Stanley',	'Drama',	to_date('1987-01-01', 'YYYY-MM-DD'),	'Warner Bros.'),
(77,	'Baby Driver',	'Wright',	'Edgar',	'Action',	to_date('2017-01-01', 'YYYY-MM-DD'),	'Sony Pictures'),
(78,	'Toy Story',	'Lasseter',	'John',	'Adventure',	to_date('1995-01-01', 'YYYY-MM-DD'),	'Buena Vista'),
(79,	'Inglourious Basterds',	'Tarantino',	'Quentin',	'Adventure',	to_date('2009-01-01', 'YYYY-MM-DD'),	'The Weinstein Company'),
(80,	'Snatch',	'Ritchie',	'Guy',	'Comedy',	to_date('2000-01-01', 'YYYY-MM-DD'),	'Columbia Pictures'),
(81,	'The Apartment',	'Wilder',	'Billy',	'Comedy',	to_date('1960-01-01', 'YYYY-MM-DD'),	'United Artists'),
(82,	'All About Eve',	'L.Mankiewicz',	'Joseph',	'Drama',	to_date('1950-01-01', 'YYYY-MM-DD'),	'20th Century Fox'),
(83,	'Monty Python and the Holy Grail',	'Gilliam',	'Terry',	'Adventure',	to_date('1975-01-01', 'YYYY-MM-DD'),	'Almi Cinema 5'),
(84,	'Scarface',	'De-Palma',	'Brian',	'Drama',	to_date('1983-01-01', 'YYYY-MM-DD'),	'Universal Films'),
(85,	'L.A. Confidential',	'Hanson',	'Curtis',	'Drama',	to_date('1997-01-01', 'YYYY-MM-DD'),	'Warner Bros. Pictures'),
(86,	'Good Will Hunting',	'Van-Sant',	'Gus',	'Drama',	to_date('1997-01-01', 'YYYY-MM-DD'),	'Miramax Films'),
(87,	'The Treasure of the Sierra Madre',	'Huston',	'John',	'Adventure',	to_date('1948-01-01', 'YYYY-MM-DD'),	'WARNER BROTHERS PICTURES'),
(88,	'Indiana Jones and the Last Crusade',	'Spielberg',	'Steven',	'Action',	to_date('1989-01-01', 'YYYY-MM-DD'),	'Paramount Pictures'),
(89,	'Some Like It Hot',	'Wilder',	'Billy',	'Comedy',	to_date('1959-01-01', 'YYYY-MM-DD'),	'United Artists'),
(90,	'Batman Begins',	'Nolan',	'Christopher',	'Action',	to_date('2005-01-01', 'YYYY-MM-DD'),	'Warner Bros. Pictures'),
(91,	'Up',	'Docter',	'Pete',	'Adventure',	to_date('2009-01-01', 'YYYY-MM-DD'),	'Walt Disney Pictures'),
(92,	'The Third Man',	'Reed',	'Carol',	'Drama',	to_date('1949-01-01', 'YYYY-MM-DD'),	'Rialto Pictures'),
(93,	'Unforgiven',	'Eastwood',	'Clint',	'Drama',	to_date('1992-01-01', 'YYYY-MM-DD'),	'Warner Bros. Pictures'),
(94,	'Judgment at Nuremberg',	'Kramer',	'Stanley',	'Drama',	to_date('1961-01-01', 'YYYY-MM-DD'),	'United Artists'),
(95,	'Raging Bull',	'Scorsese',	'Martin',	'Drama',	to_date('1980-01-01', 'YYYY-MM-DD'),	'United Artists'),
(96,	'The Great Escape',	'Sturges',	'John',	'Adventure',	to_date('1963-01-01', 'YYYY-MM-DD'),	'VCI'),
(97,	'Heat',	'Mann',	'Michael',	'Action',	to_date('1995-01-01', 'YYYY-MM-DD'),	'Warner Bros.'),
(98,	'Die Hard',	'McTiernan',	'John',	'Action',	to_date('1988-01-01', 'YYYY-MM-DD'),	'20th Century Fox'),
(99,	'The Gold Rush',	'Chaplin',	'Charles',	'Adventure',	to_date('1925-01-01', 'YYYY-MM-DD'),	'Janus Films'),
(100,	'Chinatown',	'Polanski',	'Roman',	'Drama',	to_date('1974-01-01', 'YYYY-MM-DD'),	'Paramount Pictures'),
(101,	'On the Waterfront',	'Kazan',	'Elia',	'Drama',	to_date('1954-01-01', 'YYYY-MM-DD'),	'Sony Pictures'),
(102,	'Mr. Smith Goes to Washington',	'Capra',	'Frank',	'Comedy',	to_date('1939-01-01', 'YYYY-MM-DD'),	'ITVS'),
(103,	'The General',	'Bruckman',	'Clyde',	'Action',	to_date('1926-01-01', 'YYYY-MM-DD'),	'United Artists Films'),
(104,	'Inside Out',	'Docter',	'Pete',	'Adventure',	to_date('2015-01-01', 'YYYY-MM-DD'),	'Disney/Pixar'),
(105,	'The Bridge on the River Kwai',	'Lean',	'David',	'Adventure',	to_date('1957-01-01', 'YYYY-MM-DD'),	'Columbia Pictures'),
(106,	'Room',	'Abrahamson',	'Lenny',	'Drama',	to_date('2015-01-01', 'YYYY-MM-DD'),	'Element Pictures'),
(107,	'La La Land',	'Chazelle',	'Damien',	'Comedy',	to_date('2016-01-01', 'YYYY-MM-DD'),	'Liongate Films'),
(108,	'Logan',	'Mangold',	'James',	'Action',	to_date('2017-01-01', 'YYYY-MM-DD'),	'20th Century Fox'),
(109,	'Blade Runner',	'Scott',	'Ridley',	'Science Fiction',	to_date('1982-01-01', 'YYYY-MM-DD'),	'Warner Bros. Pictures'),
(110,	'Lock, Stock and Two Smoking Barrels',	'Ritchie',	'Guy',	'Comedy',	to_date('1998-01-01', 'YYYY-MM-DD'),	'Gramercy Pictures'),
(111,	'Casino',	'Scorsese',	'Martin',	'Drama',	to_date('1995-01-01', 'YYYY-MM-DD'),	'Universal Pictures'),
(112,	'A Beautiful Mind',	'Howard',	'Ron',	'Drama',	to_date('2001-01-01', 'YYYY-MM-DD'),	'Universal Pictures'),
(113,	'The Elephant Man',	'Lynch',	'David',	'Drama',	to_date('1980-01-01', 'YYYY-MM-DD'),	'Paramount'),
(114,	'Warrior',	'OConnor',	'Gavin',	'Action',	to_date('2011-01-01', 'YYYY-MM-DD'),	'Lionsgate'),
(115,	'V for Vendetta',	'McTeigue',	'James',	'Action',	to_date('2005-01-01', 'YYYY-MM-DD'),	'Warner Bros. Pictures'),
(116,	'The Wolf of Wall Street',	'Scorsese',	'Martin',	'Comedy',	to_date('2013-01-01', 'YYYY-MM-DD'),	'Paramount Studios'),
(117,	'Dial M for Murder',	'Hitchcock',	'Alfred',	'Drama',	to_date('1954-01-01', 'YYYY-MM-DD'),	'Warner Bros. Pictures'),
(118,	'Hacksaw Ridge',	'Gibson',	'Mel',	'Drama',	to_date('2016-01-01', 'YYYY-MM-DD'),	'Summit Entertainment'),
(119,	'Gone with the Wind',	'Fleming',	'Victor',	'Drama',	to_date('1939-01-01', 'YYYY-MM-DD'),	'Loews Inc.'),
(120,	'The Message',	'Akkad',	'Moustapha',	'Adventure',	to_date('1976-01-01', 'YYYY-MM-DD'),	'Anchor Bay Entertainment'),
(121,	'Rebecca',	'Hitchcock',	'Alfred',	'Drama',	to_date('1940-01-01', 'YYYY-MM-DD'),	'United Artists'),
(122,	'Trainspotting',	'Boyle',	'Danny',	'Drama',	to_date('1996-01-01', 'YYYY-MM-DD'),	'Miramax Films'),
(123,	'The Deer Hunter',	'Cimino',	'Michael',	'Drama',	to_date('1978-01-01', 'YYYY-MM-DD'),	'Universal Pictures'),
(124,	'Cool Hand Luke',	'Rosenberg',	'Stuart',	'Drama',	to_date('1967-01-01', 'YYYY-MM-DD'),	'Warner Bros.'),
(125,	'Gran Torino',	'Eastwood',	'Clint',	'Drama',	to_date('2008-01-01', 'YYYY-MM-DD'),	'Warner Bros. Pictures/Village Roadshow'),
(126,	'The Big Lebowski',	'Coen',	'E&J',	'Comedy',	to_date('1998-01-01', 'YYYY-MM-DD'),	'Gramercy Pictures'),
(127,	'The Thing',	'Carpenter',	'John',	'Horror',	to_date('1982-01-01', 'YYYY-MM-DD'),	'Universal Pictures'),
(128,	'It Happened One Night',	'Capra',	'Frank',	'Comedy',	to_date('1934-01-01', 'YYYY-MM-DD'),	'Sony Pictures Home Entertainment'),
(129,	'Fargo',	'Coen',	'E&J',	'Drama',	to_date('1996-01-01', 'YYYY-MM-DD'),	'MGM'),
(130,	'The Sixth Sense',	'Shyamalan',	'M.Night',	'Drama',	to_date('1999-01-01', 'YYYY-MM-DD'),	'Hollywood/Buena Vista'),
(131,	'Finding Nemo',	'Stanton',	'Andrew',	'Adventure',	to_date('2003-01-01', 'YYYY-MM-DD'),	'Walt Disney Pictures'),
(132,	'Mary and Max',	'Elliot',	'Adam',	'Adventure',	to_date('2009-01-01', 'YYYY-MM-DD'),	'IFC Films'),
(133,	'No Country for Old Men',	'Coen',	'E&J',	'Drama',	to_date('2007-01-01', 'YYYY-MM-DD'),	'Miramax Films'),
(134,	'How to Train Your Dragon',	'DeBlois',	'Dean',	'Adventure',	to_date('2010-01-01', 'YYYY-MM-DD'),	'Paramount/DWA'),
(135,	'There Will Be Blood',	'Anderson',	'Paul',	'Drama',	to_date('2007-01-01', 'YYYY-MM-DD'),	'Paramount Vantage'),
(136,	'Into the Wild',	'Penn',	'Sean',	'Adventure',	to_date('2007-01-01', 'YYYY-MM-DD'),	'Paramount Vantage'),
(137,	'Kill Bill: Vol. 1',	'Tarantino',	'Quentin',	'Action',	to_date('2003-01-01', 'YYYY-MM-DD'),	'Miramax Films'),
(138,	'Gone Girl',	'Fincher',	'David',	'Drama',	to_date('2014-01-01', 'YYYY-MM-DD'),	'20th Century Fox'),
(139,	'Life of Brian',	'Jones',	'Terry',	'Comedy',	to_date('1979-01-01', 'YYYY-MM-DD'),	'Warner Bros. Pictures'),
(140,	'Network',	'Lumet',	'Sidney',	'Drama',	to_date('1976-01-01', 'YYYY-MM-DD'),	'MGM/United Artists'),
(141,	'Shutter Island',	'Scorsese',	'Martin',	'Drama',	to_date('2010-01-01', 'YYYY-MM-DD'),	'Paramount Studios'),
(142,	'In the Name of the Father',	'Sheridan',	'Jim',	'Drama',	to_date('1993-01-01', 'YYYY-MM-DD'),	'Universal Pictures'),
(143,	'Rush',	'Howard',	'Ron',	'Action',	to_date('2013-01-01', 'YYYY-MM-DD'),	'Universal Pictures'),
(144,	'Hotel Rwanda',	'George',	'Terry',	'Drama',	to_date('2004-01-01', 'YYYY-MM-DD'),	'MGM'),
(145,	'Platoon',	'Stone',	'Oliver',	'Drama',	to_date('1986-01-01', 'YYYY-MM-DD'),	'Orion Pictures'),
(146,	'Song of the Sea',	'Moore',	'Tomm',	'Adventure',	to_date('2014-01-01', 'YYYY-MM-DD'),	'GKIDS'),
(147,	'Ben-Hur',	'Wyler',	'William',	'Adventure',	to_date('1959-01-01', 'YYYY-MM-DD'),	'MGM'),
(148,	'Stand by Me',	'Reiner',	'Rob',	'Adventure',	to_date('1986-01-01', 'YYYY-MM-DD'),	'MCA Universal Home Video'),
(149,	'Hachi: A Dogs Tale',	'Hallström',	'Lasse',	'Drama',	to_date('2009-01-01', 'YYYY-MM-DD'),	'Inferno Entertainment'),
(150,	'Kind Hearts and Coronets',	'Hamer',	'Robert',	'Comedy',	to_date('1949-01-01', 'YYYY-MM-DD'),	'Ealing Studios'),
(151,	'The Maltese Falcon',	'Huston',	'John',	'Drama',	to_date('1941-01-01', 'YYYY-MM-DD'),	'Warner Bros.'),
(152,	'Butch Cassidy and the Sundance Kid',	'Roy-Hill',	'George',	'Drama',	to_date('1969-01-01', 'YYYY-MM-DD'),	'20th Century Fox'),
(153,	'The Legend of 1900',	'Tornatore',	'Giuseppe',	'Drama',	to_date('1998-01-01', 'YYYY-MM-DD'),	'Fine Line Features'),
(154,	'Spotlight',	'McCarthy',	'Tom',	'Drama',	to_date('2015-01-01', 'YYYY-MM-DD'),	'Open Road Films'),
(155,	'Brief Encounter',	'Lean',	'David',	'Drama',	to_date('1945-01-01', 'YYYY-MM-DD'),	'Universal Pictures'),
(156,	'The Best Years of Our Lives',	'Wyler',	'William',	'Drama',	to_date('1946-01-01', 'YYYY-MM-DD'),	'RKO Radio Pictures'),
(157,	'The Grapes of Wrath',	'Ford',	'John',	'Drama',	to_date('1940-01-01', 'YYYY-MM-DD'),	'Twentieth Century Fox Home Entertainment'),
(158,	'12 Years a Slave',	'McQueen',	'Steve',	'Drama',	to_date('2013-01-01', 'YYYY-MM-DD'),	'Fox Searchlight'),
(159,	'The Grand Budapest Hotel',	'Anderson',	'Wes',	'Adventure',	to_date('2014-01-01', 'YYYY-MM-DD'),	'Fox Searchlight'),
(160,	'Mad Max: Fury Road',	'Miller',	'George',	'Action',	to_date('2015-01-01', 'YYYY-MM-DD'),	'Warner Bros.'),
(161,	'The Princess Bride',	'Reiner',	'Rob',	'Adventure',	to_date('1987-01-01', 'YYYY-MM-DD'),	'20th Century Fox'),
(162,	'What Ever Happened to Baby Jane?',	'Aldrich',	'Robert',	'Drama',	to_date('1962-01-01', 'YYYY-MM-DD'),	'Warner Bros. Pictures'),
(163,	'Million Dollar Baby',	'Eastwood',	'Clint',	'Drama',	to_date('2004-01-01', 'YYYY-MM-DD'),	'Warner Bros. Pictures'),
(164,	'Jurassic Park',	'Spielberg',	'Steven',	'Adventure',	to_date('1993-01-01', 'YYYY-MM-DD'),	'Universal City Studios'),
(165,	'Touch of Evil',	'Welles',	'Orson',	'Drama',	to_date('1958-01-01', 'YYYY-MM-DD'),	'October Films'),
(166,	'Spider-Man: Homecoming',	'Watts',	'Jon',	'Action',	to_date('2017-01-01', 'YYYY-MM-DD'),	'Sony Pictures'),
(167,	'Before Sunrise',	'Linklater',	'Richard',	'Drama',	to_date('1995-01-01', 'YYYY-MM-DD'),	'Sony Pictures Home Entertainment'),
(168,	'The Truman Show',	'Weir',	'Peter',	'Comedy',	to_date('1998-01-01', 'YYYY-MM-DD'),	'Paramount Pictures'),
(169,	'Harry Potter and the Deathly Hallows: Part 2',	'Yates',	'David',	'Adventure',	to_date('2011-01-01', 'YYYY-MM-DD'),	'Warner Bros. Pictures'),
(170,	'Star Warz: The Force Awakens',	'Abrams',	'J.J.',	'Action',	to_date('2015-01-01', 'YYYY-MM-DD'),	'Walt Disney Pictures'),
(171,	'Paris, Texas',	'Wenders',	'Wim',	'Drama',	to_date('1984-01-01', 'YYYY-MM-DD'),	'20th Century Fox'),
(172,	'The Last Picture Show',	'Bogdanovich',	'Peter',	'Drama',	to_date('1971-01-01', 'YYYY-MM-DD'),	'Columbia Pictures'),
(173,	'Gandhi',	'Attenborough',	'Richard',	'Drama',	to_date('1982-01-01', 'YYYY-MM-DD'),	'Columbia Pictures'),
(174,	'Barry Lyndon',	'Kubrick',	'Stanley',	'Adventure',	to_date('1975-01-01', 'YYYY-MM-DD'),	'Warner Bros.'),
(175,	'Rocky',	'G.Avildsen',	'John',	'Drama',	to_date('1976-01-01', 'YYYY-MM-DD'),	'United Artists'),
(176,	'Annie Hall',	'Allen',	'Woody',	'Comedy',	to_date('1977-01-01', 'YYYY-MM-DD'),	'United Artists'),
(177,	'Prisoners',	'Villeneuve',	'Denis',	'Drama',	to_date('2013-01-01', 'YYYY-MM-DD'),	'Warner Bros.'),
(178,	'Donnie Darko',	'Kelly',	'Richard',	'Drama',	to_date('2001-01-01', 'YYYY-MM-DD'),	'Newmarket Film Group'),
(179,	'Catch Me If You Can',	'Spielberg',	'Steven',	'Drama',	to_date('2002-01-01', 'YYYY-MM-DD'),	'DreamWorks SKG'),
(180,	'The Man Who Shot Liberty Valance',	'Ford',	'John',	'Action',	to_date('1962-01-01', 'YYYY-MM-DD'),	'Paramount Home Video'),
(181,	'Laura',	'Preminger',	'Otto',	'Drama',	to_date('1944-01-01', 'YYYY-MM-DD'),	'20th Century Fox'),
(182,	'Monsters, Inc.',	'Docter',	'Pete',	'Adventure',	to_date('2001-01-01', 'YYYY-MM-DD'),	'Buena Vista Distribution Compa'),
(183,	'The Bourne Ultimatum',	'Greengrass',	'Paul',	'Action',	to_date('2007-01-01', 'YYYY-MM-DD'),	'Universal Pictures'),
(184,	'Cat on a Hot Tin Roof',	'Brooks',	'Richard',	'Drama',	to_date('1958-01-01', 'YYYY-MM-DD'),	'MGM Home Entertainment'),
(185,	'The Wizard of Oz',	'Fleming',	'Victor',	'Adventure',	to_date('1939-01-01', 'YYYY-MM-DD'),	'Warner Bros. Pictures'),
(186,	'Sleuth',	'L.Mankiewicz',	'Joseph',	'Drama',	to_date('1972-01-01', 'YYYY-MM-DD'),	'20th Century Fox Film Corporation'),
(187,	'Roman Holiday',	'Wyler',	'William',	'Comedy',	to_date('1953-01-01', 'YYYY-MM-DD'),	'Paramount Pictures'),
(188,	'Out of the Past',	'Tourneur',	'Jacques',	'Drama',	to_date('1947-01-01', 'YYYY-MM-DD'),	'WARNER BROTHERS PICTURES'),
(189,	'Anatomy of a Murder',	'Preminger',	'Otto',	'Drama',	to_date('1959-01-01', 'YYYY-MM-DD'),	'Sony Pictures Home Entertainment'),
(190,	'Whos Afraid of Virginia Woolf?',	'Nichols',	'Mike',	'Drama',	to_date('1966-01-01', 'YYYY-MM-DD'),	'Warner Home Video'),
(191,	'The Terminator',	'Cameron',	'James',	'Action',	to_date('1984-01-01', 'YYYY-MM-DD'),	'Orion Pictures Corporation'),
(192,	'Groundhog Day',	'Ramis',	'Harold',	'Comedy',	to_date('1993-01-01', 'YYYY-MM-DD'),	'Columbia Pictures'),
(193,	'The Help',	'Taylor',	'Tate',	'Drama',	to_date('2011-01-01', 'YYYY-MM-DD'),	'DreamWorks Studios'),
(194,	'Strangers on a Train',	'Hitchcock',	'Alfred',	'Drama',	to_date('1951-01-01', 'YYYY-MM-DD'),	'Warner Home Video'),
(195,	'The Night of the Hunter',	'Laughton',	'Charles',	'Drama',	to_date('1955-01-01', 'YYYY-MM-DD'),	'United Artists'),
(196,	'All Quiet on the Western Front',	'Milestone',	'Lewis',	'Drama',	to_date('1930-01-01', 'YYYY-MM-DD'),	'Universal Pictures'),
(197,	'Beauty and the Beast',	'Trousdale',	'Gary',	'Adventure',	to_date('1991-01-01', 'YYYY-MM-DD'),	'Buena Vista'),
(198,	'Lion',	'Davis',	'Garth',	'Drama',	to_date('2016-01-01', 'YYYY-MM-DD'),	'See-Saw Films'),
(199,	'Twelve Monkeys',	'Gilliam',	'Terry',	'Science Fiction',	to_date('1995-01-01', 'YYYY-MM-DD'),	'Universal Pictures'),
(200,	'Guardians of the Galaxy',	'Gunn',	'James',	'Action',	to_date('2014-01-01', 'YYYY-MM-DD'),	'Walt Disney Pictures'),
(201,	'Dog Day Afternoon',	'Lumet',	'Sidney',	'Drama',	to_date('1975-01-01', 'YYYY-MM-DD'),	'WARNER BROTHERS PICTURES'),
(202,	'Jaws',	'Spielberg',	'Steven',	'Adventure',	to_date('1975-01-01', 'YYYY-MM-DD'),	'Universal Pictures'),
(203,	'Zootopia',	'Bush',	'Jared',	'Adventure',	to_date('2016-01-01', 'YYYY-MM-DD'),	'Walt Disney Animation Studios'),
(204,	'Guardians of the Galaxy Vol. 2',	'Gunn',	'James',	'Action',	to_date('2017-01-01', 'YYYY-MM-DD'),	'Walt Disney Pictures'),
(205,	'Pirates of the Caribbean: The Curse of the Black Pearl',	'Verbinski',	'Gore',	'Action',	to_date('2003-01-01', 'YYYY-MM-DD'),	'Buena Vista Pictures'),
(206,	'Before Sunset',	'Linklater',	'Richard',	'Drama',	to_date('2004-01-01', 'YYYY-MM-DD'),	'Warner Independent Pictures'),
(207,	'The Imitation Game',	'Tyldum',	'Morten',	'Drama',	to_date('2014-01-01', 'YYYY-MM-DD'),	'The Weinstein Company'),
(208,	'Young Frankenstein',	'Brooks',	'Mel',	'Comedy',	to_date('1974-01-01', 'YYYY-MM-DD'),	'20th Century Fox'),
(209,	'Stalag 17',	'Wilder',	'Billy',	'Drama',	to_date('1953-01-01', 'YYYY-MM-DD'),	'Paramount Home Video'),
(210,	'Dogville',	'von-Trier',	'Lars',	'Drama',	to_date('2003-01-01', 'YYYY-MM-DD'),	'Lions Gate Films'),
(211,	'Dead Poets Society',	'Weir',	'Peter',	'Comedy',	to_date('1989-01-01', 'YYYY-MM-DD'),	'Buena Vista Pictures'),
(212,	'High Noon',	'Zinnemann',	'Fred',	'Drama',	to_date('1952-01-01', 'YYYY-MM-DD'),	'United Artists'),
(213,	'Papillon',	'J.Schaffner',	'Franklin',	'Drama',	to_date('1973-01-01', 'YYYY-MM-DD'),	'Twentieth Century Fox Home Entertainment'),
(214,	'A Streetcar Named Desire',	'Kazan',	'Elia',	'Drama',	to_date('1951-01-01', 'YYYY-MM-DD'),	'Warner Bros. Pictures'),
(215,	'Arsenic and Old Lace',	'Capra',	'Frank',	'Comedy',	to_date('1944-01-01', 'YYYY-MM-DD'),	'Warner Bros. Pictures'),
(216,	'Sin City',	'Miller',	'Frank',	'Drama',	to_date('2005-01-01', 'YYYY-MM-DD'),	'Dimension Films'),
(217,	'The Hustler',	'Rossen',	'Robert',	'Drama',	to_date('1961-01-01', 'YYYY-MM-DD'),	'Fox'),
(218,	'A Night at the Opera',	'Wood',	'Sam',	'Comedy',	to_date('1935-01-01', 'YYYY-MM-DD'),	'MGM'),
(219,	'The Killing',	'Kubrick',	'Stanley',	'Drama',	to_date('1956-01-01', 'YYYY-MM-DD'),	'United Artists'),
(220,	'The Avengers',	'Whedon',	'Joss',	'Action',	to_date('2012-01-01', 'YYYY-MM-DD'),	'Walt Disney Pictures'),
(221,	'Notorious',	'Hitchcock',	'Alfred',	'Drama',	to_date('1946-01-01', 'YYYY-MM-DD'),	'RKO Radio Pictures'),
(222,	'Harvey',	'Koster',	'Henry',	'Comedy',	to_date('1950-01-01', 'YYYY-MM-DD'),	'MCA Universal Home Video'),
(223,	'The Martian',	'Scott',	'Ridley',	'Adventure',	to_date('2015-01-01', 'YYYY-MM-DD'),	'20th Century Fox'),
(224,	'The Exorcist',	'Friedkin',	'William',	'Horror',	to_date('1973-01-01', 'YYYY-MM-DD'),	'Warner Bros. Pictures'),
(225,	'Rio Bravo',	'Hawks',	'Howard',	'Action',	to_date('1959-01-01', 'YYYY-MM-DD'),	'Xenon'),
(226,	'The Philadelphia Story',	'Cukor',	'George',	'Comedy',	to_date('1940-01-01', 'YYYY-MM-DD'),	'MGM'),
(227,	'Rope',	'Hitchcock',	'Alfred',	'Drama',	to_date('1948-01-01', 'YYYY-MM-DD'),	'Warner Bros. Pictures'),
(228,	'The Big Sleep',	'Hawks',	'Howard',	'Drama',	to_date('1946-01-01', 'YYYY-MM-DD'),	'Warner Bros. Pictures'),
(229,	'Pink Floyd: The Wall',	'Parker',	'Alan',	'Adventure',	to_date('1982-01-01', 'YYYY-MM-DD'),	'United Artists'),
(230,	'The Kings Speech',	'Hooper',	'Tom',	'Drama',	to_date('2010-01-01', 'YYYY-MM-DD'),	'The Weinstein Company'),
(231,	'A Christmas Story',	'Clark',	'Bob',	'Comedy',	to_date('1983-01-01', 'YYYY-MM-DD'),	'MGM'),
(232,	'The Graduate',	'Nichols',	'Mike',	'Comedy',	to_date('1967-01-01', 'YYYY-MM-DD'),	'Embassy Pictures/Rialto Pictures'),
(233,	'JFK',	'Stone',	'Oliver',	'Drama',	to_date('1991-01-01', 'YYYY-MM-DD'),	'Warner Bros.'),
(234,	'Sling Blade',	'Thornton',	'Billy',	'Drama',	to_date('1996-01-01', 'YYYY-MM-DD'),	'Miramax Films'),
(235,	'Blood Diamond',	'Zwick',	'Edward',	'Adventure',	to_date('2006-01-01', 'YYYY-MM-DD'),	'Warner Bros. Pictures'),
(236,	'Magnolia',	'Anderson',	'Paul',	'Drama',	to_date('1999-01-01', 'YYYY-MM-DD'),	'New Line Cinema'),
(237,	'Rain Man',	'Levinson',	'Barry',	'Drama',	to_date('1988-01-01', 'YYYY-MM-DD'),	'MGM'),
(238,	'The Revenant',	'Iñárritu',	'Alejandro',	'Adventure',	to_date('2015-01-01', 'YYYY-MM-DD'),	'20th Century Fox'),
(239,	'The Nightmare Before Christmas',	'Selick',	'Henry',	'Horror',	to_date('1993-01-01', 'YYYY-MM-DD'),	'Touchstone Pictures'),
(240,	'The Manchurian Candidate',	'Frankenheimer',	'John',	'Drama',	to_date('1962-01-01', 'YYYY-MM-DD'),	'MGM/UA Classics'),
(241,	'Deadpool',	'Miller',	'Tim',	'Action',	to_date('2016-01-01', 'YYYY-MM-DD'),	'20th Century Fox'),
(242,	'The Wild Bunch',	'Peckinpah',	'Sam',	'Action',	to_date('1969-01-01', 'YYYY-MM-DD'),	'Warner Bros. Pictures'),
(243,	'Aladdin',	'Clements',	'Ron',	'Adventure',	to_date('1992-01-01', 'YYYY-MM-DD'),	'Buena Vista Distribution Compa'),
(244,	'Big Fish',	'Burton',	'Tim',	'Adventure',	to_date('2003-01-01', 'YYYY-MM-DD'),	'Sony Pictures'),
(245,	'Patton',	'J.Schaffner',	'Franklin',	'Drama',	to_date('1970-01-01', 'YYYY-MM-DD'),	'Twentieth Century Fox Home Entertainment'),
(246,	'The Lost Weekend',	'Wilder',	'Billy',	'Drama',	to_date('1945-01-01', 'YYYY-MM-DD'),	'Paramount Pictures'),
(247,	'Short Term 12',	'Cretton',	'Destin',	'Drama',	to_date('2013-01-01', 'YYYY-MM-DD'),	'Cinedigm'),
(248,	'His Girl Friday',	'Hawks',	'Howard',	'Comedy',	to_date('1940-01-01', 'YYYY-MM-DD'),	'Columbia Pictures'),
(249,	'The Straight Story',	'Lynch',	'David',	'Drama',	to_date('1999-01-01', 'YYYY-MM-DD'),	'Buena Vista Pictures'),
(250,	'Slumdog Millionaire',	'Boyle',	'Danny',	'Drama',	to_date('2008-01-01', 'YYYY-MM-DD'),	'Fox Searchlight Pictures');

INSERT INTO stock (movie_id,cost_price,retail_price, current_stock, media_type)
VALUES
(212, 21.95, 29.95, 4, 'Blu-Ray'),
(97, 17.45, 24.95, 'Infinity', 'Stream-Media'),
(183, 17.45, 24.95, 'Infinity', 'Stream-Media'),
(98, 13.95, 19.95, 3, 'DVD'),
(12, 13.95, 19.95, 5, 'DVD'),
(249, 17.45, 24.95, 'Infinity', 'Stream-Media'),
(82, 17.45, 24.95, 'Infinity', 'Stream-Media'),
(179, 17.45, 24.95, 'Infinity', 'Stream-Media'),
(189, 13.95, 19.95, 3, 'DVD'),
(9, 17.45, 24.95, 'Infinity', 'Stream-Media'),
(5, 17.45, 24.95, 'Infinity', 'Stream-Media'),
(5, 21.95, 29.95, 3, 'Blu-Ray'),
(12, 21.95, 29.95, 9, 'Blu-Ray'),
(111, 13.95, 19.95, 4, 'DVD'),
(187, 13.95, 19.95, 7, 'DVD'),
(162, 17.45, 24.95, 'Infinity', 'Stream-Media'),
(26, 21.95, 29.95, 6, 'Blu-Ray'),
(67, 21.95, 29.95, 1, 'Blu-Ray'),
(196, 21.95, 29.95, 9, 'Blu-Ray'),
(55, 21.95, 29.95, 3, 'Blu-Ray'),
(77, 13.95, 19.95, 0, 'DVD'),
(77, 17.45, 24.95, 'Infinity', 'Stream-Media'),
(183, 13.95, 19.95, 8, 'DVD'),
(208, 17.45, 24.95, 'Infinity', 'Stream-Media'),
(55, 13.95, 19.95, 0, 'DVD'),
(244, 17.45, 24.95, 'Infinity', 'Stream-Media'),
(162, 13.95, 19.95, 9, 'DVD'),
(167, 13.95, 19.95, 3, 'DVD'),
(246, 21.95, 29.95, 5, 'Blu-Ray'),
(182, 17.45, 24.95, 'Infinity', 'Stream-Media'),
(173, 13.95, 19.95, 2, 'DVD'),
(124, 17.45, 24.95, 'Infinity', 'Stream-Media'),
(229, 21.95, 29.95, 2, 'Blu-Ray'),
(227, 17.45, 24.95, 'Infinity', 'Stream-Media'),
(46, 17.45, 24.95, 'Infinity', 'Stream-Media'),
(224, 21.95, 29.95, 1, 'Blu-Ray'),
(128, 17.45, 24.95, 'Infinity', 'Stream-Media'),
(62, 17.45, 24.95, 'Infinity', 'Stream-Media'),
(143, 17.45, 24.95, 'Infinity', 'Stream-Media'),
(43, 21.95, 29.95, 3, 'Blu-Ray'),
(193, 13.95, 19.95, 2, 'DVD'),
(182, 13.95, 19.95, 6, 'DVD'),
(126, 13.95, 19.95, 7, 'DVD'),
(88, 17.45, 24.95, 'Infinity', 'Stream-Media'),
(123, 13.95, 19.95, 6, 'DVD'),
(205, 21.95, 29.95, 6, 'Blu-Ray'),
(101, 21.95, 29.95, 5, 'Blu-Ray'),
(68, 17.45, 24.95, 'Infinity', 'Stream-Media'),
(190, 13.95, 19.95, 9, 'DVD'),
(191, 21.95, 29.95, 6, 'Blu-Ray'),
(154, 13.95, 19.95, 5, 'DVD'),
(86, 17.45, 24.95, 'Infinity', 'Stream-Media'),
(127, 21.95, 29.95, 8, 'Blu-Ray'),
(217, 13.95, 19.95, 6, 'DVD'),
(74, 17.45, 24.95, 'Infinity', 'Stream-Media'),
(114, 17.45, 24.95, 'Infinity', 'Stream-Media'),
(123, 21.95, 29.95, 4, 'Blu-Ray'),
(41, 13.95, 19.95, 0, 'DVD'),
(54, 17.45, 24.95, 'Infinity', 'Stream-Media'),
(193, 21.95, 29.95, 8, 'Blu-Ray'),
(83, 13.95, 19.95, 9, 'DVD'),
(245, 17.45, 24.95, 'Infinity', 'Stream-Media'),
(22, 21.95, 29.95, 7, 'Blu-Ray'),
(94, 21.95, 29.95, 8, 'Blu-Ray'),
(38, 17.45, 24.95, 'Infinity', 'Stream-Media'),
(179, 13.95, 19.95, 8, 'DVD'),
(250, 17.45, 24.95, 'Infinity', 'Stream-Media'),
(192, 17.45, 24.95, 'Infinity', 'Stream-Media'),
(25, 21.95, 29.95, 7, 'Blu-Ray'),
(8, 17.45, 24.95, 'Infinity', 'Stream-Media'),
(111, 21.95, 29.95, 3, 'Blu-Ray'),
(10, 17.45, 24.95, 'Infinity', 'Stream-Media'),
(108, 13.95, 19.95, 3, 'DVD'),
(149, 17.45, 24.95, 'Infinity', 'Stream-Media'),
(115, 17.45, 24.95, 'Infinity', 'Stream-Media'),
(216, 13.95, 19.95, 3, 'DVD'),
(221, 13.95, 19.95, 5, 'DVD'),
(99, 17.45, 24.95, 'Infinity', 'Stream-Media'),
(194, 13.95, 19.95, 7, 'DVD'),
(152, 21.95, 29.95, 7, 'Blu-Ray'),
(219, 17.45, 24.95, 'Infinity', 'Stream-Media'),
(200, 21.95, 29.95, 3, 'Blu-Ray'),
(9, 21.95, 29.95, 3, 'Blu-Ray'),
(135, 21.95, 29.95, 4, 'Blu-Ray'),
(137, 21.95, 29.95, 1, 'Blu-Ray'),
(186, 21.95, 29.95, 4, 'Blu-Ray'),
(185, 17.45, 24.95, 'Infinity', 'Stream-Media'),
(243, 21.95, 29.95, 6, 'Blu-Ray'),
(14, 21.95, 29.95, 2, 'Blu-Ray'),
(240, 13.95, 19.95, 0, 'DVD'),
(242, 21.95, 29.95, 3, 'Blu-Ray'),
(132, 13.95, 19.95, 3, 'DVD'),
(161, 17.45, 24.95, 'Infinity', 'Stream-Media'),
(47, 17.45, 24.95, 'Infinity', 'Stream-Media'),
(214, 13.95, 19.95, 0, 'DVD'),
(70, 21.95, 29.95, 7, 'Blu-Ray'),
(212, 17.45, 24.95, 'Infinity', 'Stream-Media'),
(201, 21.95, 29.95, 6, 'Blu-Ray'),
(57, 21.95, 29.95, 6, 'Blu-Ray'),
(125, 21.95, 29.95, 0, 'Blu-Ray'),
(142, 21.95, 29.95, 7, 'Blu-Ray'),
(69, 13.95, 19.95, 9, 'DVD'),
(30, 21.95, 29.95, 7, 'Blu-Ray'),
(54, 21.95, 29.95, 2, 'Blu-Ray'),
(213, 13.95, 19.95, 6, 'DVD'),
(138, 21.95, 29.95, 7, 'Blu-Ray'),
(199, 21.95, 29.95, 3, 'Blu-Ray'),
(81, 13.95, 19.95, 5, 'DVD'),
(73, 21.95, 29.95, 6, 'Blu-Ray'),
(40, 17.45, 24.95, 'Infinity', 'Stream-Media'),
(159, 21.95, 29.95, 3, 'Blu-Ray'),
(170, 17.45, 24.95, 'Infinity', 'Stream-Media'),
(187, 21.95, 29.95, 4, 'Blu-Ray'),
(92, 17.45, 24.95, 'Infinity', 'Stream-Media'),
(232, 13.95, 19.95, 8, 'DVD'),
(118, 13.95, 19.95, 6, 'DVD'),
(175, 17.45, 24.95, 'Infinity', 'Stream-Media'),
(21, 13.95, 19.95, 9, 'DVD'),
(151, 13.95, 19.95, 2, 'DVD'),
(36, 13.95, 19.95, 7, 'DVD'),
(212, 13.95, 19.95, 6, 'DVD'),
(124, 13.95, 19.95, 9, 'DVD'),
(184, 21.95, 29.95, 8, 'Blu-Ray'),
(216, 21.95, 29.95, 1, 'Blu-Ray'),
(99, 21.95, 29.95, 0, 'Blu-Ray'),
(231, 13.95, 19.95, 8, 'DVD'),
(79, 21.95, 29.95, 7, 'Blu-Ray'),
(24, 17.45, 24.95, 'Infinity', 'Stream-Media'),
(4, 21.95, 29.95, 6, 'Blu-Ray'),
(155, 17.45, 24.95, 'Infinity', 'Stream-Media'),
(181, 13.95, 19.95, 2, 'DVD'),
(198, 21.95, 29.95, 1, 'Blu-Ray'),
(165, 13.95, 19.95, 4, 'DVD'),
(220, 21.95, 29.95, 4, 'Blu-Ray'),
(155, 13.95, 19.95, 9, 'DVD'),
(119, 21.95, 29.95, 1, 'Blu-Ray'),
(218, 17.45, 24.95, 'Infinity', 'Stream-Media'),
(82, 21.95, 29.95, 2, 'Blu-Ray'),
(122, 13.95, 19.95, 5, 'DVD'),
(116, 13.95, 19.95, 7, 'DVD'),
(25, 13.95, 19.95, 9, 'DVD'),
(43, 13.95, 19.95, 0, 'DVD'),
(227, 21.95, 29.95, 4, 'Blu-Ray'),
(56, 13.95, 19.95, 5, 'DVD'),
(164, 17.45, 24.95, 'Infinity', 'Stream-Media'),
(48, 21.95, 29.95, 7, 'Blu-Ray'),
(108, 21.95, 29.95, 6, 'Blu-Ray'),
(224, 13.95, 19.95, 4, 'DVD'),
(109, 17.45, 24.95, 'Infinity', 'Stream-Media'),
(98, 21.95, 29.95, 5, 'Blu-Ray'),
(166, 17.45, 24.95, 'Infinity', 'Stream-Media'),
(10, 13.95, 19.95, 8, 'DVD'),
(40, 13.95, 19.95, 2, 'DVD'),
(165, 17.45, 24.95, 'Infinity', 'Stream-Media'),
(180, 17.45, 24.95, 'Infinity', 'Stream-Media'),
(229, 17.45, 24.95, 'Infinity', 'Stream-Media'),
(135, 17.45, 24.95, 'Infinity', 'Stream-Media'),
(57, 13.95, 19.95, 6, 'DVD'),
(163, 17.45, 24.95, 'Infinity', 'Stream-Media'),
(239, 21.95, 29.95, 2, 'Blu-Ray'),
(24, 21.95, 29.95, 7, 'Blu-Ray'),
(93, 13.95, 19.95, 2, 'DVD'),
(39, 13.95, 19.95, 8, 'DVD'),
(228, 17.45, 24.95, 'Infinity', 'Stream-Media'),
(247, 17.45, 24.95, 'Infinity', 'Stream-Media'),
(200, 13.95, 19.95, 5, 'DVD'),
(66, 21.95, 29.95, 9, 'Blu-Ray'),
(229, 13.95, 19.95, 5, 'DVD'),
(174, 21.95, 29.95, 5, 'Blu-Ray'),
(61, 13.95, 19.95, 2, 'DVD'),
(99, 13.95, 19.95, 1, 'DVD'),
(231, 21.95, 29.95, 7, 'Blu-Ray'),
(230, 17.45, 24.95, 'Infinity', 'Stream-Media'),
(84, 13.95, 19.95, 2, 'DVD'),
(218, 21.95, 29.95, 9, 'Blu-Ray'),
(67, 13.95, 19.95, 4, 'DVD'),
(69, 21.95, 29.95, 2, 'Blu-Ray'),
(228, 21.95, 29.95, 9, 'Blu-Ray'),
(83, 21.95, 29.95, 8, 'Blu-Ray'),
(120, 13.95, 19.95, 1, 'DVD'),
(10, 21.95, 29.95, 5, 'Blu-Ray'),
(174, 17.45, 24.95, 'Infinity', 'Stream-Media');

INSERT INTO shipments(shipment_id, customer_id, movie_id, media_type, shipment_date)
VALUES
(1, 4, 10,'DVD', to_date('2021-8-9', 'YYYY-MM-DD')),
(2, 4, 12,'DVD', to_date('2024-2-26', 'YYYY-MM-DD')),
(3, 10, 227,'Stream-Media', to_date('2010-7-14', 'YYYY-MM-DD')),
(11, 6, 98,'DVD', to_date('2021-12-7', 'YYYY-MM-DD')),
(20, 6, 224,'Blu-Ray', to_date('2011-1-30', 'YYYY-MM-DD')),
(21, 7, 184,'Blu-Ray', to_date('2001-5-18', 'YYYY-MM-DD')),
(22, 10, 229,'Stream-Media', to_date('2006-12-30', 'YYYY-MM-DD')),
(26, 8, 166,'Stream-Media', to_date('2019-8-17', 'YYYY-MM-DD')),
(29, 10, 10,'Stream-Media', to_date('2020-11-12', 'YYYY-MM-DD')),
(30, 10, 180,'Stream-Media', to_date('2000-11-7', 'YYYY-MM-DD')),
(43, 8, 229,'Blu-Ray', to_date('2001-1-6', 'YYYY-MM-DD')),
(44, 9, 212,'Blu-Ray', to_date('2014-10-4', 'YYYY-MM-DD')),
(45, 9,12,'Blu-Ray', to_date('2023-10-4', 'YYYY-MM-DD')),
(49, 10, 218,'Stream-Media', to_date('2011-9-15', 'YYYY-MM-DD')),
(56, 6, 101,'Blu-Ray', to_date('2015-6-23', 'YYYY-MM-DD')),
(63, 8, 43,'Blu-Ray', to_date('2006-12-4', 'YYYY-MM-DD')),
(66, 5, 43,'Blu-Ray', to_date('2001-9-19', 'YYYY-MM-DD')),
(68, 6, 124,'Stream-Media', to_date('2000-7-5', 'YYYY-MM-DD')),
(70, 10, 151,'DVD', to_date('2008-2-13', 'YYYY-MM-DD')),
(73, 5, 183,'Stream-Media', to_date('2003-5-1', 'YYYY-MM-DD')),
(81, 7, 182,'Stream-Media', to_date('2017-9-12', 'YYYY-MM-DD')),
(113, 4, 190,'DVD', to_date('2000-5-19', 'YYYY-MM-DD')),
(123, 1, 109,'Stream-Media', to_date('2016-1-14', 'YYYY-MM-DD')),
(126, 5, 36,'DVD', to_date('2009-1-4', 'YYYY-MM-DD')),
(130, 7, 219,'Stream-Media', to_date('2010-5-20', 'YYYY-MM-DD')),
(134, 7, 10,'Stream-Media', to_date('2017-4-11', 'YYYY-MM-DD')),
(135, 1, 88,'Stream-Media', to_date('2021-10-20', 'YYYY-MM-DD')),
(147, 7, 164,'Stream-Media', to_date('2013-6-26', 'YYYY-MM-DD')),
(149, 2, 48,'Blu-Ray', to_date('2004-7-2', 'YYYY-MM-DD')),
(155, 9, 67,'DVD', to_date('2002-8-11', 'YYYY-MM-DD')),
(156, 1, 174,'Blu-Ray', to_date('2010-11-6', 'YYYY-MM-DD')),
(159, 5, 142,'Blu-Ray', to_date('2011-7-21', 'YYYY-MM-DD')),
(161, 3, 54,'Stream-Media', to_date('2016-8-21', 'YYYY-MM-DD')),
(165, 4, 98,'Blu-Ray', to_date('2020-2-13', 'YYYY-MM-DD')),
(177, 1, 10,'DVD', to_date('2003-5-7', 'YYYY-MM-DD')),
(184, 4, 97,'Stream-Media', to_date('2000-9-7', 'YYYY-MM-DD')),
(187, 6, 180,'Stream-Media', to_date('2007-11-23', 'YYYY-MM-DD')),
(190, 8, 232,'DVD', to_date('2015-12-22', 'YYYY-MM-DD')),
(191, 8, 10,'Blu-Ray', to_date('2014-1-22', 'YYYY-MM-DD')),
(192, 9, 74,'Stream-Media', to_date('2006-8-13', 'YYYY-MM-DD')),
(195, 1, 174,'Blu-Ray', to_date('2001-8-29', 'YYYY-MM-DD')),
(198, 9, 162,'DVD', to_date('2021-7-5', 'YYYY-MM-DD')),
(203, 1, 125,'Blu-Ray', to_date('2018-2-9', 'YYYY-MM-DD')),
(208, 1, 185,'Stream-Media', to_date('2017-5-6', 'YYYY-MM-DD')),
(209, 4, 165,'Stream-Media', to_date('2002-11-15', 'YYYY-MM-DD')),
(210, 9, 200,'Blu-Ray', to_date('2011-8-13', 'YYYY-MM-DD')),
(212, 9, 10,'Blu-Ray', to_date('2019-1-2', 'YYYY-MM-DD')),
(214, 9, 84,'DVD', to_date('2018-11-25', 'YYYY-MM-DD')),
(216, 3, 138,'Blu-Ray', to_date('2021-5-1', 'YYYY-MM-DD')),
(228, 5, 189,'DVD', to_date('2007-1-11', 'YYYY-MM-DD')),
(236, 1, 61,'DVD', to_date('2004-12-20', 'YYYY-MM-DD')),
(242, 8, 214,'DVD', to_date('2010-1-11', 'YYYY-MM-DD')),
(245, 3, 227,'Stream-Media', to_date('2000-3-30', 'YYYY-MM-DD')),
(250, 8, 26,'Blu-Ray', to_date('2017-6-20', 'YYYY-MM-DD')),
(258, 7, 173,'DVD', to_date('2017-11-21', 'YYYY-MM-DD')),
(259, 7, 12,'DVD', to_date('2017-11-21', 'YYYY-MM-DD')),
(263, 1, 216,'DVD', to_date('2003-11-15', 'YYYY-MM-DD')),
(266, 6, 224,'DVD', to_date('2011-2-23', 'YYYY-MM-DD')),
(269, 5, 159,'Blu-Ray', to_date('2020-4-9', 'YYYY-MM-DD')),
(274, 6, 213,'DVD', to_date('2021-6-4', 'YYYY-MM-DD')),
(275, 7, 138,'Blu-Ray', to_date('2001-12-17', 'YYYY-MM-DD')),
(278, 3, 25,'Blu-Ray', to_date('2010-1-5', 'YYYY-MM-DD')),
(282, 4, 14,'Blu-Ray', to_date('2020-4-12', 'YYYY-MM-DD')),
(283, 1, 67,'DVD', to_date('2020-2-7', 'YYYY-MM-DD')),
(284, 1, 12,'DVD', to_date('2020-2-7', 'YYYY-MM-DD')),
(287, 2, 162,'Stream-Media', to_date('2016-8-27', 'YYYY-MM-DD')),
(290, 4, 62,'Stream-Media', to_date('2017-8-11', 'YYYY-MM-DD')),
(293, 8, 68,'Stream-Media', to_date('2013-1-9', 'YYYY-MM-DD')),
(299, 7, 119,'Blu-Ray', to_date('2002-1-20', 'YYYY-MM-DD')),
(301, 8,5,'Blu-Ray', to_date('2021-4-21', 'YYYY-MM-DD'));


